"model","split","task_id","success","model_calls","total_tokens","trace_path","step_id","exit_code","structured_expectation_score","observation_only_raw_score","expectation_quality","action_safety_gate","expectation_safety_gate","shadow_decision","stderr_presence_mismatch","textual_error_contradiction","textual_output_missing","semantic_residual_score","expectation_gate_only_score","raw_full_residual_score","semantic_with_safety_score","structured_with_safety_score","no_expectation_score","full_residual_score","exit_code_mismatch","stdout_presence_mismatch"
"arfa-llama3.1:8b-8k","shadow_development","intercode-nl2bash-fs1-014","False","4","5410","results/phase1_5_shadow/full/llama3.1-8b/shadow_development/traces.jsonl","1","0","0.0","0.0","0.6666666666666666","0.0","0.0","reason","0","0","0","0.9390436969697475","1.0","0.0","1.0","1.0","0.0","1.0","",""
"arfa-llama3.1:8b-8k","shadow_development","intercode-nl2bash-fs1-014","False","4","5410","results/phase1_5_shadow/full/llama3.1-8b/shadow_development/traces.jsonl","2","0","0.0","0.0","0.638888888888889","0.0","0.0","reason","0","0","0","0.9436575993895531","1.0","0.0","1.0","1.0","0.0","1.0","",""
"arfa-llama3.1:8b-8k","shadow_development","intercode-nl2bash-fs1-014","False","4","5410","results/phase1_5_shadow/full/llama3.1-8b/shadow_development/traces.jsonl","3","0","0.0","0.0","0.4444444444444444","0.0","1.0","reason","0","0","0","0.9500745944678783","1.0","0.0","1.0","1.0","0.0","1.0","0",""
"arfa-llama3.1:8b-8k","shadow_development","intercode-nl2bash-fs1-015","False","7","14247","results/phase1_5_shadow/full/llama3.1-8b/shadow_development/traces.jsonl","1","0","0.0","0.0","0.8888888888888888","0.0","1.0","reason","0","0","0","0.9792553391307592","1.0","0.0","1.0","1.0","0.0","1.0","","0"
"arfa-llama3.1:8b-8k","shadow_development","intercode-nl2bash-fs1-015","False","7","14247","results/phase1_5_shadow/full/llama3.1-8b/shadow_development/traces.jsonl","2","0","0.0","0.0","1.0","0.0","0.0","fast_candidate","0","0","0","0.8694116473197937","0.0","0.0","0.8694116473197937","0.0","0.0","0.0","0","0"
"arfa-llama3.1:8b-8k","shadow_development","intercode-nl2bash-fs1-015","False","7","14247","results/phase1_5_shadow/full/llama3.1-8b/shadow_development/traces.jsonl","3","2","0.0","1.0","0.6222222222222222","0.0","0.0","reason","","0","0","0.786857396364212","1.0","0.0","1.0","1.0","1.0","1.0","",""
"arfa-llama3.1:8b-8k","shadow_development","intercode-nl2bash-fs1-015","False","7","14247","results/phase1_5_shadow/full/llama3.1-8b/shadow_development/traces.jsonl","4","0","0.16666666666666669","0.0","1.0","0.0","0.0","fast_candidate","0","0","0","0.8976683914661407","0.0","0.16666666666666669","0.8976683914661407","0.16666666666666669","0.0","0.16666666666666669","0","1"
"arfa-llama3.1:8b-8k","shadow_development","intercode-nl2bash-fs1-015","False","7","14247","results/phase1_5_shadow/full/llama3.1-8b/shadow_development/traces.jsonl","5","0","0.0","0.0","1.0","0.0","0.0","fast_candidate","0","0","0","0.8694116473197937","0.0","0.0","0.8694116473197937","0.0","0.0","0.0","0","0"
"arfa-llama3.1:8b-8k","shadow_development","intercode-nl2bash-fs1-015","False","7","14247","results/phase1_5_shadow/full/llama3.1-8b/shadow_development/traces.jsonl","6","0","0.0","0.0","1.0","0.0","0.0","fast_candidate","0","0","0","0.8492892980575562","0.0","0.0","0.8492892980575562","0.0","0.0","0.0","0","0"
"arfa-llama3.1:8b-8k","shadow_development","intercode-nl2bash-fs1-021","False","4","5203","results/phase1_5_shadow/full/llama3.1-8b/shadow_development/traces.jsonl","1","0","0.0","0.0","0.7777777777777777","0.0","1.0","reason","0","0","0","0.810845673084259","1.0","0.0","1.0","1.0","0.0","1.0","",""
"arfa-llama3.1:8b-8k","shadow_development","intercode-nl2bash-fs1-021","False","4","5203","results/phase1_5_shadow/full/llama3.1-8b/shadow_development/traces.jsonl","2","0","0.0","0.0","0.8888888888888888","0.0","0.0","fast_candidate","0","0","0","0.810845673084259","0.0","0.0","0.810845673084259","0.0","0.0","0.0","0",""
"arfa-llama3.1:8b-8k","shadow_development","intercode-nl2bash-fs1-021","False","4","5203","results/phase1_5_shadow/full/llama3.1-8b/shadow_development/traces.jsonl","3","0","0.0","0.0","0.8888888888888888","0.0","0.0","fast_candidate","0","0","0","0.8089973330497742","0.0","0.0","0.8089973330497742","0.0","0.0","0.0","0",""
"arfa-llama3.1:8b-8k","shadow_development","intercode-nl2bash-fs1-029","True","5","7387","results/phase1_5_shadow/full/llama3.1-8b/shadow_development/traces.jsonl","1","0","0.0","0.0","0.7777777777777777","0.0","1.0","reason","0","0","0","0.8871739059686661","1.0","0.0","1.0","1.0","0.0","1.0","",""
"arfa-llama3.1:8b-8k","shadow_development","intercode-nl2bash-fs1-029","True","5","7387","results/phase1_5_shadow/full/llama3.1-8b/shadow_development/traces.jsonl","2","1","0.7083333333333335","0.75","1.0","0.0","1.0","reason","1","0","0","0.8423761576414108","1.0","0.7083333333333335","1.0","1.0","0.75","1.0","1","1"
"arfa-llama3.1:8b-8k","shadow_development","intercode-nl2bash-fs1-029","True","5","7387","results/phase1_5_shadow/full/llama3.1-8b/shadow_development/traces.jsonl","3","0","0.16666666666666669","0.0","1.0","0.0","1.0","reason","0","0","0","0.8882044032216072","1.0","0.16666666666666669","1.0","1.0","0.0","1.0","0","1"
"arfa-llama3.1:8b-8k","shadow_development","intercode-nl2bash-fs1-029","True","5","7387","results/phase1_5_shadow/full/llama3.1-8b/shadow_development/traces.jsonl","4","0","0.0","0.0","1.0","0.0","0.0","fast_candidate","0","0","0","0.8871739059686661","0.0","0.0","0.8871739059686661","0.0","0.0","0.0","0","0"
"arfa-llama3.1:8b-8k","shadow_development","intercode-nl2bash-fs1-034","False","8","15260","results/phase1_5_shadow/full/llama3.1-8b/shadow_development/traces.jsonl","1","0","0.0","0.0","0.8888888888888888","0.0","1.0","reason","0","0","0","0.831201821565628","1.0","0.0","1.0","1.0","0.0","1.0","","0"
"arfa-llama3.1:8b-8k","shadow_development","intercode-nl2bash-fs1-034","False","8","15260","results/phase1_5_shadow/full/llama3.1-8b/shadow_development/traces.jsonl","2","0","0.0","0.0","1.0","0.0","0.0","fast_candidate","0","0","0","0.5876560807228088","0.0","0.0","0.5876560807228088","0.0","0.0","0.0","0","0"
"arfa-llama3.1:8b-8k","shadow_development","intercode-nl2bash-fs1-034","False","8","15260","results/phase1_5_shadow/full/llama3.1-8b/shadow_development/traces.jsonl","3","0","0.33333333333333337","0.0","0.9444444444444445","1.0","1.0","reason","0","0","1","0.961544394493103","1.0","0.33333333333333337","1.0","1.0","1.0","1.0","0","1"
"arfa-llama3.1:8b-8k","shadow_development","intercode-nl2bash-fs1-034","False","8","15260","results/phase1_5_shadow/full/llama3.1-8b/shadow_development/traces.jsonl","4","2","0.5714285714285715","1.0","0.6","0.0","1.0","reason","","0","1","0.7050681114196777","1.0","0.5714285714285715","1.0","1.0","1.0","1.0","",""
"arfa-llama3.1:8b-8k","shadow_development","intercode-nl2bash-fs1-034","False","8","15260","results/phase1_5_shadow/full/llama3.1-8b/shadow_development/traces.jsonl","5","137","0.5714285714285715","0.55","0.5222222222222223","0.0","1.0","reason","","0","1","0.6521579325199127","1.0","0.5714285714285715","1.0","1.0","0.55","1.0","",""
"arfa-llama3.1:8b-8k","shadow_development","intercode-nl2bash-fs1-034","False","8","15260","results/phase1_5_shadow/full/llama3.1-8b/shadow_development/traces.jsonl","6","0","0.0","0.0","0.8555555555555555","0.0","0.0","fast_candidate","0","0","0","0.927022784948349","0.0","0.0","0.927022784948349","0.0","0.0","0.0","0","0"
"arfa-llama3.1:8b-8k","shadow_development","intercode-nl2bash-fs1-034","False","8","15260","results/phase1_5_shadow/full/llama3.1-8b/shadow_development/traces.jsonl","7","0","0.33333333333333337","0.0","0.9444444444444445","1.0","1.0","reason","0","0","1","0.961544394493103","1.0","0.33333333333333337","1.0","1.0","1.0","1.0","0","1"
"arfa-llama3.1:8b-8k","shadow_development","intercode-nl2bash-fs1-038","False","8","17655","results/phase1_5_shadow/full/llama3.1-8b/shadow_development/traces.jsonl","1","0","0.0","0.0","0.8888888888888888","0.0","0.0","fast_candidate","0","0","0","1.0401531755924225","0.0","0.0","1.0401531755924225","0.0","0.0","0.0","","0"
"arfa-llama3.1:8b-8k","shadow_development","intercode-nl2bash-fs1-038","False","8","17655","results/phase1_5_shadow/full/llama3.1-8b/shadow_development/traces.jsonl","2","2","0.8750000000000001","1.0","1.0","0.0","1.0","reason","1","0","1","0.9992215894162655","1.0","0.8750000000000001","1.0","1.0","1.0","1.0","1","1"
"arfa-llama3.1:8b-8k","shadow_development","intercode-nl2bash-fs1-038","False","8","17655","results/phase1_5_shadow/full/llama3.1-8b/shadow_development/traces.jsonl","3","0","0.0","0.0","1.0","0.0","0.0","fast_candidate","0","0","0","1.0365295186638832","0.0","0.0","1.0365295186638832","0.0","0.0","0.0","0","0"
"arfa-llama3.1:8b-8k","shadow_development","intercode-nl2bash-fs1-038","False","8","17655","results/phase1_5_shadow/full/llama3.1-8b/shadow_development/traces.jsonl","4","2","0.8750000000000001","1.0","1.0","0.0","1.0","reason","1","0","1","0.999221564270556","1.0","0.8750000000000001","1.0","1.0","1.0","1.0","1","1"
"arfa-llama3.1:8b-8k","shadow_development","intercode-nl2bash-fs1-038","False","8","17655","results/phase1_5_shadow/full/llama3.1-8b/shadow_development/traces.jsonl","5","0","0.0","0.0","1.0","0.0","0.0","fast_candidate","0","0","0","1.0710427910089493","0.0","0.0","1.0710427910089493","0.0","0.0","0.0","0","0"
"arfa-llama3.1:8b-8k","shadow_development","intercode-nl2bash-fs1-038","False","8","17655","results/phase1_5_shadow/full/llama3.1-8b/shadow_development/traces.jsonl","6","0","0.0","0.0","1.0","0.0","0.0","fast_candidate","0","0","0","1.0627575069665909","0.0","0.0","1.0627575069665909","0.0","0.0","0.0","0","0"
"arfa-llama3.1:8b-8k","shadow_development","intercode-nl2bash-fs1-038","False","8","17655","results/phase1_5_shadow/full/llama3.1-8b/shadow_development/traces.jsonl","7","0","0.0","0.0","1.0","0.0","0.0","fast_candidate","0","0","0","1.0710427910089493","0.0","0.0","1.0710427910089493","0.0","0.0","0.0","0","0"
"arfa-llama3.1:8b-8k","shadow_development","intercode-nl2bash-fs1-040","False","3","3103","results/phase1_5_shadow/full/llama3.1-8b/shadow_development/traces.jsonl","1","0","0.0","0.0","0.7777777777777777","0.0","1.0","reason","0","0","0","0.6264809966087341","1.0","0.0","1.0","1.0","0.0","1.0","",""
"arfa-llama3.1:8b-8k","shadow_development","intercode-nl2bash-fs1-040","False","3","3103","results/phase1_5_shadow/full/llama3.1-8b/shadow_development/traces.jsonl","2","0","0.0","0.0","0.7833333333333333","1.0","1.0","reason","0","0","0","0.82643261551857","1.0","0.0","1.0","1.0","1.0","1.0","0",""
"arfa-llama3.1:8b-8k","shadow_development","intercode-nl2bash-fs1-045","False","11","28851","results/phase1_5_shadow/full/llama3.1-8b/shadow_development/traces.jsonl","1","0","0.0","0.0","1.0","0.0","0.0","fast_candidate","0","0","0","0.9398492500185966","0.0","0.0","0.9398492500185966","0.0","0.0","0.0","0","0"
"arfa-llama3.1:8b-8k","shadow_development","intercode-nl2bash-fs1-045","False","11","28851","results/phase1_5_shadow/full/llama3.1-8b/shadow_development/traces.jsonl","2","0","0.33333333333333337","0.0","1.0","0.0","1.0","reason","0","0","1","0.8577377200126648","1.0","0.33333333333333337","1.0","1.0","0.0","1.0","0","1"
"arfa-llama3.1:8b-8k","shadow_development","intercode-nl2bash-fs1-045","False","11","28851","results/phase1_5_shadow/full/llama3.1-8b/shadow_development/traces.jsonl","3","1","0.7083333333333335","0.55","1.0","0.0","0.0","reason","0","0","1","0.8755891397595406","0.0","0.7083333333333335","0.8755891397595406","0.7083333333333335","0.55","0.7083333333333335","1","1"
"arfa-llama3.1:8b-8k","shadow_development","intercode-nl2bash-fs1-045","False","11","28851","results/phase1_5_shadow/full/llama3.1-8b/shadow_development/traces.jsonl","4","1","0.33333333333333337","0.55","1.0","0.0","1.0","reason","1","0","0","0.8884617835283279","1.0","0.33333333333333337","1.0","1.0","0.55","1.0","0","1"
"arfa-llama3.1:8b-8k","shadow_development","intercode-nl2bash-fs1-045","False","11","28851","results/phase1_5_shadow/full/llama3.1-8b/shadow_development/traces.jsonl","5","2","0.16666666666666669","1.0","1.0","0.0","1.0","reason","0","0","0","0.7297010719776154","1.0","0.16666666666666669","1.0","1.0","1.0","1.0","0","1"
"arfa-llama3.1:8b-8k","shadow_development","intercode-nl2bash-fs1-045","False","11","28851","results/phase1_5_shadow/full/llama3.1-8b/shadow_development/traces.jsonl","6","0","0.5416666666666667","0.0","1.0","0.0","1.0","reason","1","0","0","0.8538811653852463","1.0","0.5416666666666667","1.0","1.0","0.0","1.0","1","0"
"arfa-llama3.1:8b-8k","shadow_development","intercode-nl2bash-fs1-045","False","11","28851","results/phase1_5_shadow/full/llama3.1-8b/shadow_development/traces.jsonl","7","0","0.33333333333333337","0.0","1.0","0.0","0.0","fast_candidate","0","0","1","0.8577377200126648","0.0","0.33333333333333337","0.8577377200126648","0.33333333333333337","0.0","0.33333333333333337","0","1"
"arfa-llama3.1:8b-8k","shadow_development","intercode-nl2bash-fs1-045","False","11","28851","results/phase1_5_shadow/full/llama3.1-8b/shadow_development/traces.jsonl","8","1","0.7083333333333335","0.55","1.0","0.0","0.0","reason","0","0","1","0.8755891397595406","0.0","0.7083333333333335","0.8755891397595406","0.7083333333333335","0.55","0.7083333333333335","1","1"
"arfa-llama3.1:8b-8k","shadow_development","intercode-nl2bash-fs1-045","False","11","28851","results/phase1_5_shadow/full/llama3.1-8b/shadow_development/traces.jsonl","9","1","0.33333333333333337","0.55","1.0","0.0","1.0","reason","1","0","0","0.8884617835283279","1.0","0.33333333333333337","1.0","1.0","0.55","1.0","0","1"
"arfa-llama3.1:8b-8k","shadow_development","intercode-nl2bash-fs1-045","False","11","28851","results/phase1_5_shadow/full/llama3.1-8b/shadow_development/traces.jsonl","10","0","0.5416666666666667","0.0","1.0","0.0","1.0","reason","1","0","0","0.8538811653852463","1.0","0.5416666666666667","1.0","1.0","0.0","1.0","1","0"
"arfa-llama3.1:8b-8k","shadow_development","intercode-nl2bash-fs1-052","False","3","3586","results/phase1_5_shadow/full/llama3.1-8b/shadow_development/traces.jsonl","1","1","0.8750000000000001","0.75","1.0","0.0","1.0","reason","1","0","1","0.8442138731479645","1.0","0.8750000000000001","1.0","1.0","0.75","1.0","1","1"
"arfa-llama3.1:8b-8k","shadow_development","intercode-nl2bash-fs1-052","False","3","3586","results/phase1_5_shadow/full/llama3.1-8b/shadow_development/traces.jsonl","2","0","0.0","0.0","1.0","0.0","1.0","reason","0","0","0","0.6516702175140381","1.0","0.0","1.0","1.0","0.0","1.0","0","0"
"arfa-llama3.1:8b-8k","shadow_development","intercode-nl2bash-fs2-005","False","12","33833","results/phase1_5_shadow/full/llama3.1-8b/shadow_development/traces.jsonl","1","0","0.0","0.0","0.7611111111111111","0.0","0.0","fast_candidate","0","0","0","0.9352498054504395","0.0","0.0","0.9352498054504395","0.0","0.0","0.0","","0"
"arfa-llama3.1:8b-8k","shadow_development","intercode-nl2bash-fs2-005","False","12","33833","results/phase1_5_shadow/full/llama3.1-8b/shadow_development/traces.jsonl","2","0","0.0","0.0","0.9055555555555556","0.0","1.0","reason","0","0","0","0.8114530593156815","1.0","0.0","1.0","1.0","0.0","1.0","0","0"
"arfa-llama3.1:8b-8k","shadow_development","intercode-nl2bash-fs2-005","False","12","33833","results/phase1_5_shadow/full/llama3.1-8b/shadow_development/traces.jsonl","3","0","0.33333333333333337","0.0","0.9","0.0","1.0","reason","0","0","1","0.9445046856999397","1.0","0.33333333333333337","1.0","1.0","0.0","1.0","0","1"
"arfa-llama3.1:8b-8k","shadow_development","intercode-nl2bash-fs2-005","False","12","33833","results/phase1_5_shadow/full/llama3.1-8b/shadow_development/traces.jsonl","4","2","0.8750000000000001","1.0","0.9944444444444445","0.0","1.0","reason","1","0","1","0.6860774755477905","1.0","0.8750000000000001","1.0","1.0","1.0","1.0","1","1"
"arfa-llama3.1:8b-8k","shadow_development","intercode-nl2bash-fs2-005","False","12","33833","results/phase1_5_shadow/full/llama3.1-8b/shadow_development/traces.jsonl","5","2","0.8750000000000001","1.0","0.9944444444444445","0.0","1.0","reason","1","0","1","0.6860774755477905","1.0","0.8750000000000001","1.0","1.0","1.0","1.0","1","1"
"arfa-llama3.1:8b-8k","shadow_development","intercode-nl2bash-fs2-005","False","12","33833","results/phase1_5_shadow/full/llama3.1-8b/shadow_development/traces.jsonl","6","2","0.8750000000000001","1.0","0.9944444444444445","0.0","1.0","reason","1","0","1","0.7225180566310883","1.0","0.8750000000000001","1.0","1.0","1.0","1.0","1","1"
"arfa-llama3.1:8b-8k","shadow_development","intercode-nl2bash-fs2-005","False","12","33833","results/phase1_5_shadow/full/llama3.1-8b/shadow_development/traces.jsonl","7","127","0.8750000000000001","1.0","0.9","0.0","1.0","reason","1","0","1","0.8214703947305679","1.0","0.8750000000000001","1.0","1.0","1.0","1.0","1","1"
"arfa-llama3.1:8b-8k","shadow_development","intercode-nl2bash-fs2-005","False","12","33833","results/phase1_5_shadow/full/llama3.1-8b/shadow_development/traces.jsonl","8","127","0.8750000000000001","1.0","0.9","0.0","1.0","reason","1","0","1","0.8214703947305679","1.0","0.8750000000000001","1.0","1.0","1.0","1.0","1","1"
"arfa-llama3.1:8b-8k","shadow_development","intercode-nl2bash-fs2-005","False","12","33833","results/phase1_5_shadow/full/llama3.1-8b/shadow_development/traces.jsonl","9","123","0.5416666666666667","1.0","0.8722222222222222","0.0","0.0","reason","1","0","0","0.7563837468624115","0.0","0.5416666666666667","0.7563837468624115","0.5416666666666667","1.0","0.5416666666666667","1","0"
"arfa-llama3.1:8b-8k","shadow_development","intercode-nl2bash-fs2-005","False","12","33833","results/phase1_5_shadow/full/llama3.1-8b/shadow_development/traces.jsonl","10","1","0.5416666666666667","0.75","0.8722222222222222","0.0","1.0","reason","1","0","0","0.8856194913387299","1.0","0.5416666666666667","1.0","1.0","0.75","1.0","1","0"
"arfa-llama3.1:8b-8k","shadow_development","intercode-nl2bash-fs2-005","False","12","33833","results/phase1_5_shadow/full/llama3.1-8b/shadow_development/traces.jsonl","11","0","0.0","0.0","0.8722222222222222","0.0","0.0","fast_candidate","0","0","0","0.9352498054504395","0.0","0.0","0.9352498054504395","0.0","0.0","0.0","0","0"
"arfa-llama3.1:8b-8k","shadow_development","intercode-nl2bash-fs2-007","False","6","9717","results/phase1_5_shadow/full/llama3.1-8b/shadow_development/traces.jsonl","1","0","0.0","0.0","0.8388888888888889","0.0","1.0","reason","0","0","0","0.9091764837503433","1.0","0.0","1.0","1.0","0.0","1.0","","0"
"arfa-llama3.1:8b-8k","shadow_development","intercode-nl2bash-fs2-007","False","6","9717","results/phase1_5_shadow/full/llama3.1-8b/shadow_development/traces.jsonl","2","0","0.0","0.0","0.9944444444444445","0.0","0.0","fast_candidate","0","0","0","0.8512452840805054","0.0","0.0","0.8512452840805054","0.0","0.0","0.0","0","0"
"arfa-llama3.1:8b-8k","shadow_development","intercode-nl2bash-fs2-007","False","6","9717","results/phase1_5_shadow/full/llama3.1-8b/shadow_development/traces.jsonl","3","0","0.0","0.0","1.0","0.0","1.0","reason","0","0","0","0.4349818229675293","1.0","0.0","1.0","1.0","0.0","1.0","0","0"
"arfa-llama3.1:8b-8k","shadow_development","intercode-nl2bash-fs2-007","False","6","9717","results/phase1_5_shadow/full/llama3.1-8b/shadow_development/traces.jsonl","4","123","0.0","0.55","0.8888888888888888","0.0","1.0","reason","0","0","0","0.9343792647123337","1.0","0.0","1.0","1.0","0.55","1.0","","0"
"arfa-llama3.1:8b-8k","shadow_development","intercode-nl2bash-fs2-007","False","6","9717","results/phase1_5_shadow/full/llama3.1-8b/shadow_development/traces.jsonl","5","1","0.5416666666666667","1.0","0.9777777777777779","0.0","0.0","reason","1","0","0","0.215068519115448","0.0","0.5416666666666667","0.215068519115448","0.5416666666666667","1.0","0.5416666666666667","1","0"
"arfa-llama3.1:8b-8k","shadow_development","intercode-nl2bash-fs2-016","False","3","3135","results/phase1_5_shadow/full/llama3.1-8b/shadow_development/traces.jsonl","1","0","0.0","0.0","0.8277777777777778","0.0","0.0","fast_candidate","0","0","0","0.8962522745132446","0.0","0.0","0.8962522745132446","0.0","0.0","0.0","","0"
"arfa-llama3.1:8b-8k","shadow_development","intercode-nl2bash-fs2-016","False","3","3135","results/phase1_5_shadow/full/llama3.1-8b/shadow_development/traces.jsonl","2","0","0.0","0.0","1.0","0.0","1.0","reason","0","0","0","0.8279647082090378","1.0","0.0","1.0","1.0","0.0","1.0","0","0"
"arfa-llama3.1:8b-8k","shadow_development","intercode-nl2bash-fs2-022","False","3","3453","results/phase1_5_shadow/full/llama3.1-8b/shadow_development/traces.jsonl","1","0","0.0","0.0","0.9055555555555556","0.0","0.0","fast_candidate","0","0","0","0.8892663270235062","0.0","0.0","0.8892663270235062","0.0","0.0","0.0","0","0"
"arfa-llama3.1:8b-8k","shadow_development","intercode-nl2bash-fs2-022","False","3","3453","results/phase1_5_shadow/full/llama3.1-8b/shadow_development/traces.jsonl","2","0","0.0","0.0","1.0","0.0","0.0","fast_candidate","0","0","0","0.7603291571140289","0.0","0.0","0.7603291571140289","0.0","0.0","0.0","0","0"
"arfa-llama3.1:8b-8k","shadow_development","intercode-nl2bash-fs2-026","False","6","10801","results/phase1_5_shadow/full/llama3.1-8b/shadow_development/traces.jsonl","1","0","0.0","0.0","0.8888888888888888","0.0","0.0","fast_candidate","0","0","0","0.9224608093500137","0.0","0.0","0.9224608093500137","0.0","0.0","0.0","","0"
"arfa-llama3.1:8b-8k","shadow_development","intercode-nl2bash-fs2-026","False","6","10801","results/phase1_5_shadow/full/llama3.1-8b/shadow_development/traces.jsonl","2","0","0.16666666666666669","0.0","1.0","0.0","1.0","reason","0","0","1","0.8573058843612671","1.0","0.16666666666666669","1.0","1.0","0.0","1.0","0","0"
"arfa-llama3.1:8b-8k","shadow_development","intercode-nl2bash-fs2-026","False","6","10801","results/phase1_5_shadow/full/llama3.1-8b/shadow_development/traces.jsonl","3","0","0.0","0.0","1.0","0.0","0.0","fast_candidate","0","0","0","0.449851930141449","0.0","0.0","0.449851930141449","0.0","0.0","0.0","0","0"
"arfa-llama3.1:8b-8k","shadow_development","intercode-nl2bash-fs2-026","False","6","10801","results/phase1_5_shadow/full/llama3.1-8b/shadow_development/traces.jsonl","4","0","0.0","0.0","1.0","0.0","0.0","fast_candidate","0","0","0","0.9069426134228706","0.0","0.0","0.9069426134228706","0.0","0.0","0.0","0","0"
"arfa-llama3.1:8b-8k","shadow_development","intercode-nl2bash-fs2-026","False","6","10801","results/phase1_5_shadow/full/llama3.1-8b/shadow_development/traces.jsonl","5","1","0.5416666666666667","0.55","1.0","0.0","0.0","reason","0","0","1","0.7390831708908081","0.0","0.5416666666666667","0.7390831708908081","0.5416666666666667","0.55","0.5416666666666667","1","0"
"arfa-llama3.1:8b-8k","shadow_development","intercode-nl2bash-fs2-027","False","3","3011","results/phase1_5_shadow/full/llama3.1-8b/shadow_development/traces.jsonl","1","0","0.0","0.0","0.861111111111111","0.0","0.0","fast_candidate","0","0","0","0.8774884268641472","0.0","0.0","0.8774884268641472","0.0","0.0","0.0","","0"
"arfa-llama3.1:8b-8k","shadow_development","intercode-nl2bash-fs2-027","False","3","3011","results/phase1_5_shadow/full/llama3.1-8b/shadow_development/traces.jsonl","2","0","0.0","0.0","1.0","0.0","0.0","fast_candidate","0","0","0","0.7894838750362396","0.0","0.0","0.7894838750362396","0.0","0.0","0.0","0","0"
"arfa-llama3.1:8b-8k","shadow_development","intercode-nl2bash-fs2-032","True","6","8977","results/phase1_5_shadow/full/llama3.1-8b/shadow_development/traces.jsonl","1","0","0.0","0.0","0.8555555555555555","0.0","0.0","fast_candidate","0","0","0","0.9485298693180084","0.0","0.0","0.9485298693180084","0.0","0.0","0.0","","0"
"arfa-llama3.1:8b-8k","shadow_development","intercode-nl2bash-fs2-032","True","6","8977","results/phase1_5_shadow/full/llama3.1-8b/shadow_development/traces.jsonl","2","0","0.0","0.0","1.0","0.0","0.0","fast_candidate","0","0","0","0.9272306859493256","0.0","0.0","0.9272306859493256","0.0","0.0","0.0","0","0"
"arfa-llama3.1:8b-8k","shadow_development","intercode-nl2bash-fs2-032","True","6","8977","results/phase1_5_shadow/full/llama3.1-8b/shadow_development/traces.jsonl","3","0","0.0","0.0","0.9222222222222222","0.0","0.0","fast_candidate","0","0","0","0.825798749923706","0.0","0.0","0.825798749923706","0.0","0.0","0.0","0","0"
"arfa-llama3.1:8b-8k","shadow_development","intercode-nl2bash-fs2-032","True","6","8977","results/phase1_5_shadow/full/llama3.1-8b/shadow_development/traces.jsonl","4","0","0.33333333333333337","0.0","1.0","0.0","1.0","reason","0","0","1","1.0087809097021818","1.0","0.33333333333333337","1.0087809097021818","1.0","0.0","1.0","0","1"
"arfa-llama3.1:8b-8k","shadow_development","intercode-nl2bash-fs2-032","True","6","8977","results/phase1_5_shadow/full/llama3.1-8b/shadow_development/traces.jsonl","5","0","0.0","0.0","1.0","0.0","0.0","fast_candidate","0","0","0","0.9730204697698355","0.0","0.0","0.9730204697698355","0.0","0.0","0.0","0","0"
"arfa-llama3.1:8b-8k","shadow_development","intercode-nl2bash-fs2-044","False","4","4877","results/phase1_5_shadow/full/llama3.1-8b/shadow_development/traces.jsonl","1","2","0.5416666666666667","1.0","0.8111111111111112","0.0","0.0","reason","1","0","0","0.6103981733322144","0.0","0.5416666666666667","0.6103981733322144","0.5416666666666667","1.0","0.5416666666666667","1","0"
"arfa-llama3.1:8b-8k","shadow_development","intercode-nl2bash-fs2-044","False","4","4877","results/phase1_5_shadow/full/llama3.1-8b/shadow_development/traces.jsonl","2","0","0.0","0.0","0.8277777777777778","0.0","0.0","fast_candidate","0","0","0","0.9212786853313446","0.0","0.0","0.9212786853313446","0.0","0.0","0.0","0","0"
"arfa-llama3.1:8b-8k","shadow_development","intercode-nl2bash-fs2-044","False","4","4877","results/phase1_5_shadow/full/llama3.1-8b/shadow_development/traces.jsonl","3","0","0.16666666666666669","0.2","0.8111111111111112","0.0","0.0","fast_candidate","1","0","0","0.7762090116739273","0.0","0.16666666666666669","0.7762090116739273","0.16666666666666669","0.2","0.16666666666666669","0","0"
"arfa-llama3.1:8b-8k","shadow_development","intercode-nl2bash-fs2-048","False","10","29737","results/phase1_5_shadow/full/llama3.1-8b/shadow_development/traces.jsonl","1","0","0.16666666666666669","0.2","1.0","0.0","1.0","reason","1","0","0","0.7220162153244019","1.0","0.16666666666666669","1.0","1.0","0.2","1.0","0","0"
"arfa-llama3.1:8b-8k","shadow_development","intercode-nl2bash-fs2-048","False","10","29737","results/phase1_5_shadow/full/llama3.1-8b/shadow_development/traces.jsonl","2","0","0.16666666666666669","0.0","1.0","0.0","1.0","reason","1","0","0","0.888789102435112","1.0","0.16666666666666669","1.0","1.0","0.0","1.0","0","0"
"arfa-llama3.1:8b-8k","shadow_development","intercode-nl2bash-fs2-048","False","10","29737","results/phase1_5_shadow/full/llama3.1-8b/shadow_development/traces.jsonl","3","0","0.0","0.0","1.0","0.0","1.0","reason","0","0","0","0.6145070195198059","1.0","0.0","1.0","1.0","0.0","1.0","0","0"
"arfa-llama3.1:8b-8k","shadow_development","intercode-nl2bash-fs2-048","False","10","29737","results/phase1_5_shadow/full/llama3.1-8b/shadow_development/traces.jsonl","4","2","0.5416666666666667","0.75","1.0","0.0","0.0","reason","1","0","0","0.63434898853302","0.0","0.5416666666666667","0.63434898853302","0.5416666666666667","0.75","0.5416666666666667","1","0"
"arfa-llama3.1:8b-8k","shadow_development","intercode-nl2bash-fs2-048","False","10","29737","results/phase1_5_shadow/full/llama3.1-8b/shadow_development/traces.jsonl","5","2","0.5416666666666667","1.0","1.0","0.0","0.0","reason","1","0","0","0.9536215290427208","0.0","0.5416666666666667","0.9536215290427208","0.5416666666666667","1.0","0.5416666666666667","1","0"
"arfa-llama3.1:8b-8k","shadow_development","intercode-nl2bash-fs2-048","False","10","29737","results/phase1_5_shadow/full/llama3.1-8b/shadow_development/traces.jsonl","6","1","0.5416666666666667","0.55","1.0","0.0","0.0","reason","0","0","0","0.7968458235263824","0.0","0.5416666666666667","0.7968458235263824","0.5416666666666667","0.55","0.5416666666666667","1","1"
"arfa-llama3.1:8b-8k","shadow_development","intercode-nl2bash-fs2-048","False","10","29737","results/phase1_5_shadow/full/llama3.1-8b/shadow_development/traces.jsonl","7","2","0.7083333333333335","0.75","1.0","0.0","0.0","reason","1","0","0","0.43121397495269775","0.0","0.7083333333333335","0.43121397495269775","0.7083333333333335","0.75","0.7083333333333335","1","1"
"arfa-llama3.1:8b-8k","shadow_development","intercode-nl2bash-fs2-048","False","10","29737","results/phase1_5_shadow/full/llama3.1-8b/shadow_development/traces.jsonl","8","2","0.5416666666666667","1.0","1.0","0.0","0.0","reason","1","0","0","0.9619682431221008","0.0","0.5416666666666667","0.9619682431221008","0.5416666666666667","1.0","0.5416666666666667","1","0"
"arfa-llama3.1:8b-8k","shadow_development","intercode-nl2bash-fs2-048","False","10","29737","results/phase1_5_shadow/full/llama3.1-8b/shadow_development/traces.jsonl","9","1","0.5416666666666667","0.55","1.0","0.0","0.0","reason","0","0","0","0.7968458235263824","0.0","0.5416666666666667","0.7968458235263824","0.5416666666666667","0.55","0.5416666666666667","1","1"
"arfa-llama3.1:8b-8k","shadow_development","intercode-nl2bash-fs3-001","True","3","3276","results/phase1_5_shadow/full/llama3.1-8b/shadow_development/traces.jsonl","1","0","0.0","0.0","0.8888888888888888","0.0","0.0","fast_candidate","0","0","0","0.6124572157859802","0.0","0.0","0.6124572157859802","0.0","0.0","0.0","","0"
"arfa-llama3.1:8b-8k","shadow_development","intercode-nl2bash-fs3-001","True","3","3276","results/phase1_5_shadow/full/llama3.1-8b/shadow_development/traces.jsonl","2","0","0.0","0.0","0.8111111111111112","0.0","0.0","fast_candidate","0","0","0","0.753495454788208","0.0","0.0","0.753495454788208","0.0","0.0","0.0","0","0"
"arfa-llama3.1:8b-8k","shadow_development","intercode-nl2bash-fs3-004","False","11","28285","results/phase1_5_shadow/full/llama3.1-8b/shadow_development/traces.jsonl","1","0","0.0","0.0","1.0","0.0","1.0","reason","0","0","0","0.6370540857315063","1.0","0.0","1.0","1.0","0.0","1.0","0","0"
"arfa-llama3.1:8b-8k","shadow_development","intercode-nl2bash-fs3-004","False","11","28285","results/phase1_5_shadow/full/llama3.1-8b/shadow_development/traces.jsonl","2","1","0.8750000000000001","1.0","1.0","1.0","1.0","reason","1","0","1","0.7857913672924042","1.0","0.8750000000000001","1.0","1.0","1.0","1.0","1","1"
"arfa-llama3.1:8b-8k","shadow_development","intercode-nl2bash-fs3-004","False","11","28285","results/phase1_5_shadow/full/llama3.1-8b/shadow_development/traces.jsonl","3","2","0.8750000000000001","1.0","1.0","0.0","1.0","reason","1","0","1","0.8470980077981949","1.0","0.8750000000000001","1.0","1.0","1.0","1.0","1","1"
"arfa-llama3.1:8b-8k","shadow_development","intercode-nl2bash-fs3-004","False","11","28285","results/phase1_5_shadow/full/llama3.1-8b/shadow_development/traces.jsonl","4","1","0.8750000000000001","1.0","1.0","0.0","0.0","reason","1","0","1","0.7857913672924042","0.0","0.8750000000000001","0.7857913672924042","0.8750000000000001","1.0","0.8750000000000001","1","1"
"arfa-llama3.1:8b-8k","shadow_development","intercode-nl2bash-fs3-004","False","11","28285","results/phase1_5_shadow/full/llama3.1-8b/shadow_development/traces.jsonl","5","2","0.8750000000000001","1.0","1.0","0.0","1.0","reason","1","0","1","0.8470980077981949","1.0","0.8750000000000001","1.0","1.0","1.0","1.0","1","1"
"arfa-llama3.1:8b-8k","shadow_development","intercode-nl2bash-fs3-004","False","11","28285","results/phase1_5_shadow/full/llama3.1-8b/shadow_development/traces.jsonl","6","0","0.0","0.0","1.0","0.0","0.0","fast_candidate","0","0","0","0.6291247606277466","0.0","0.0","0.6291247606277466","0.0","0.0","0.0","0","0"
"arfa-llama3.1:8b-8k","shadow_development","intercode-nl2bash-fs3-004","False","11","28285","results/phase1_5_shadow/full/llama3.1-8b/shadow_development/traces.jsonl","7","1","0.8750000000000001","0.75","1.0","1.0","1.0","reason","1","0","1","0.9374987557530403","1.0","0.8750000000000001","1.0","1.0","1.0","1.0","1","1"
"arfa-llama3.1:8b-8k","shadow_development","intercode-nl2bash-fs3-004","False","11","28285","results/phase1_5_shadow/full/llama3.1-8b/shadow_development/traces.jsonl","8","1","0.8750000000000001","1.0","1.0","1.0","1.0","reason","1","0","1","0.7857913672924042","1.0","0.8750000000000001","1.0","1.0","1.0","1.0","1","1"
"arfa-llama3.1:8b-8k","shadow_development","intercode-nl2bash-fs3-004","False","11","28285","results/phase1_5_shadow/full/llama3.1-8b/shadow_development/traces.jsonl","9","1","0.8750000000000001","1.0","1.0","0.0","0.0","reason","1","0","1","0.7857913672924042","0.0","0.8750000000000001","0.7857913672924042","0.8750000000000001","1.0","0.8750000000000001","1","1"
"arfa-llama3.1:8b-8k","shadow_development","intercode-nl2bash-fs3-004","False","11","28285","results/phase1_5_shadow/full/llama3.1-8b/shadow_development/traces.jsonl","10","0","0.0","0.0","1.0","0.0","0.0","fast_candidate","0","0","0","0.6291247606277466","0.0","0.0","0.6291247606277466","0.0","0.0","0.0","0","0"
"arfa-llama3.1:8b-8k","shadow_development","intercode-nl2bash-fs3-013","True","4","5243","results/phase1_5_shadow/full/llama3.1-8b/shadow_development/traces.jsonl","1","0","0.16666666666666669","0.0","0.9833333333333334","0.0","1.0","reason","0","0","1","0.9139726310968399","1.0","0.16666666666666669","1.0","1.0","0.0","1.0","0","0"
"arfa-llama3.1:8b-8k","shadow_development","intercode-nl2bash-fs3-013","True","4","5243","results/phase1_5_shadow/full/llama3.1-8b/shadow_development/traces.jsonl","2","0","0.16666666666666669","0.0","1.0","0.0","0.0","fast_candidate","0","0","1","0.8172093629837036","0.0","0.16666666666666669","0.8172093629837036","0.16666666666666669","0.0","0.16666666666666669","0","0"
"arfa-llama3.1:8b-8k","shadow_development","intercode-nl2bash-fs3-013","True","4","5243","results/phase1_5_shadow/full/llama3.1-8b/shadow_development/traces.jsonl","3","0","0.0","0.0","0.9833333333333334","0.0","0.0","fast_candidate","0","0","0","0.43446850776672363","0.0","0.0","0.43446850776672363","0.0","0.0","0.0","0","0"
"arfa-llama3.1:8b-8k","shadow_development","intercode-nl2bash-fs3-017","True","2","1713","results/phase1_5_shadow/full/llama3.1-8b/shadow_development/traces.jsonl","1","0","0.0","0.0","0.9333333333333332","1.0","1.0","reason","0","0","0","0.39508771896362305","1.0","0.0","1.0","1.0","1.0","1.0","0","0"
"arfa-llama3.1:8b-8k","shadow_development","intercode-nl2bash-fs3-021","False","6","10185","results/phase1_5_shadow/full/llama3.1-8b/shadow_development/traces.jsonl","1","0","0.0","0.0","0.9111111111111111","0.0","0.0","fast_candidate","0","0","0","0.7239564657211304","0.0","0.0","0.7239564657211304","0.0","0.0","0.0","0","0"
"arfa-llama3.1:8b-8k","shadow_development","intercode-nl2bash-fs3-021","False","6","10185","results/phase1_5_shadow/full/llama3.1-8b/shadow_development/traces.jsonl","2","0","0.33333333333333337","0.0","0.8888888888888888","0.0","1.0","reason","0","0","1","0.993165448307991","1.0","0.33333333333333337","1.0","1.0","0.0","1.0","0","1"
"arfa-llama3.1:8b-8k","shadow_development","intercode-nl2bash-fs3-021","False","6","10185","results/phase1_5_shadow/full/llama3.1-8b/shadow_development/traces.jsonl","3","2","0.7083333333333335","1.0","1.0","0.0","0.0","reason","1","0","1","0.6881464123725891","0.0","0.7083333333333335","0.6881464123725891","0.7083333333333335","1.0","0.7083333333333335","1","0"
"arfa-llama3.1:8b-8k","shadow_development","intercode-nl2bash-fs3-021","False","6","10185","results/phase1_5_shadow/full/llama3.1-8b/shadow_development/traces.jsonl","4","0","0.33333333333333337","0.0","0.8888888888888888","1.0","1.0","reason","0","0","1","0.993165448307991","1.0","0.33333333333333337","1.0","1.0","1.0","1.0","0","1"
"arfa-llama3.1:8b-8k","shadow_development","intercode-nl2bash-fs3-021","False","6","10185","results/phase1_5_shadow/full/llama3.1-8b/shadow_development/traces.jsonl","5","0","0.33333333333333337","0.0","0.48333333333333334","1.0","1.0","reason","0","0","1","1.0660333782434464","1.0","0.33333333333333337","1.0660333782434464","1.0","1.0","1.0","0","1"
"arfa-llama3.1:8b-8k","shadow_development","intercode-nl2bash-fs3-026","False","5","7919","results/phase1_5_shadow/full/llama3.1-8b/shadow_development/traces.jsonl","1","0","0.5333333333333333","0.0","0.8888888888888888","0.0","1.0","reason","0","0","1","1.0605563521385193","1.0","0.5333333333333333","1.0605563521385193","1.0","0.0","1.0","","1"
"arfa-llama3.1:8b-8k","shadow_development","intercode-nl2bash-fs3-026","False","5","7919","results/phase1_5_shadow/full/llama3.1-8b/shadow_development/traces.jsonl","2","2","0.8000000000000002","1.0","0.8888888888888888","0.0","0.0","reason","1","0","1","0.9537952169775963","0.0","0.8000000000000002","0.9537952169775963","0.8000000000000002","1.0","0.8000000000000002","","1"
"arfa-llama3.1:8b-8k","shadow_development","intercode-nl2bash-fs3-026","False","5","7919","results/phase1_5_shadow/full/llama3.1-8b/shadow_development/traces.jsonl","3","2","0.8000000000000002","1.0","0.8888888888888888","0.0","0.0","reason","1","0","1","0.9537952169775963","0.0","0.8000000000000002","0.9537952169775963","0.8000000000000002","1.0","0.8000000000000002","","1"
"arfa-llama3.1:8b-8k","shadow_development","intercode-nl2bash-fs3-026","False","5","7919","results/phase1_5_shadow/full/llama3.1-8b/shadow_development/traces.jsonl","4","0","0.33333333333333337","0.0","1.0","0.0","0.0","fast_candidate","0","0","1","1.0605563521385193","0.0","0.33333333333333337","1.0605563521385193","0.33333333333333337","0.0","0.33333333333333337","0","1"
"arfa-llama3.1:8b-8k","shadow_development","intercode-nl2bash-fs3-028","False","2","2659","results/phase1_5_shadow/full/llama3.1-8b/shadow_development/traces.jsonl","1","0","0.0","0.0","1.0","0.0","1.0","reason","0","0","0","0.7351933419704437","1.0","0.0","1.0","1.0","0.0","1.0","0","0"
"arfa-llama3.1:8b-8k","shadow_development","intercode-nl2bash-fs3-029","False","12","35589","results/phase1_5_shadow/full/llama3.1-8b/shadow_development/traces.jsonl","1","0","0.0","0.0","1.0","0.0","1.0","reason","0","0","0","0.7219550609588623","1.0","0.0","1.0","1.0","0.0","1.0","0","0"
"arfa-llama3.1:8b-8k","shadow_development","intercode-nl2bash-fs3-029","False","12","35589","results/phase1_5_shadow/full/llama3.1-8b/shadow_development/traces.jsonl","2","0","0.33333333333333337","0.0","0.9833333333333334","1.0","1.0","reason","0","0","1","0.8951955735683441","1.0","0.33333333333333337","1.0","1.0","1.0","1.0","0","1"
"arfa-llama3.1:8b-8k","shadow_development","intercode-nl2bash-fs3-029","False","12","35589","results/phase1_5_shadow/full/llama3.1-8b/shadow_development/traces.jsonl","3","0","0.33333333333333337","0.0","0.8888888888888888","1.0","1.0","reason","0","0","1","0.9627531729638577","1.0","0.33333333333333337","1.0","1.0","1.0","1.0","0","1"
"arfa-llama3.1:8b-8k","shadow_development","intercode-nl2bash-fs3-029","False","12","35589","results/phase1_5_shadow/full/llama3.1-8b/shadow_development/traces.jsonl","4","0","0.33333333333333337","0.0","0.8888888888888888","1.0","1.0","reason","0","0","1","0.953669335693121","1.0","0.33333333333333337","1.0","1.0","1.0","1.0","0","1"
"arfa-llama3.1:8b-8k","shadow_development","intercode-nl2bash-fs3-029","False","12","35589","results/phase1_5_shadow/full/llama3.1-8b/shadow_development/traces.jsonl","5","0","0.0","0.0","0.8611111111111112","1.0","1.0","reason","0","0","0","0.9895852413028479","1.0","0.0","1.0","1.0","1.0","1.0","0","0"
"arfa-llama3.1:8b-8k","shadow_development","intercode-nl2bash-fs3-029","False","12","35589","results/phase1_5_shadow/full/llama3.1-8b/shadow_development/traces.jsonl","7","0","0.0","0.0","1.0","0.0","0.0","fast_candidate","0","0","0","0.8337346017360687","0.0","0.0","0.8337346017360687","0.0","0.0","0.0","0","0"
"arfa-llama3.1:8b-8k","shadow_development","intercode-nl2bash-fs3-029","False","12","35589","results/phase1_5_shadow/full/llama3.1-8b/shadow_development/traces.jsonl","8","0","0.33333333333333337","0.0","1.0","0.0","0.0","fast_candidate","0","0","1","0.8756466284394264","0.0","0.33333333333333337","0.8756466284394264","0.33333333333333337","0.0","0.33333333333333337","0","1"
"arfa-llama3.1:8b-8k","shadow_development","intercode-nl2bash-fs3-029","False","12","35589","results/phase1_5_shadow/full/llama3.1-8b/shadow_development/traces.jsonl","9","2","0.8125","1.0","0.7777777777777777","0.0","1.0","reason","","0","1","0.9215745627880096","1.0","0.8125","1.0","1.0","1.0","1.0","1",""
"arfa-llama3.1:8b-8k","shadow_development","intercode-nl2bash-fs3-029","False","12","35589","results/phase1_5_shadow/full/llama3.1-8b/shadow_development/traces.jsonl","11","0","0.0","0.0","1.0","0.0","0.0","fast_candidate","0","0","0","0.7938610315322876","0.0","0.0","0.7938610315322876","0.0","0.0","0.0","0","0"
"arfa-llama3.1:8b-8k","shadow_development","intercode-nl2bash-fs3-029","False","12","35589","results/phase1_5_shadow/full/llama3.1-8b/shadow_development/traces.jsonl","12","0","0.33333333333333337","0.0","1.0","0.0","0.0","fast_candidate","0","0","1","0.8756466284394264","0.0","0.33333333333333337","0.8756466284394264","0.33333333333333337","0.0","0.33333333333333337","0","1"
"arfa-llama3.1:8b-8k","shadow_development","intercode-nl2bash-fs3-031","False","5","7561","results/phase1_5_shadow/full/llama3.1-8b/shadow_development/traces.jsonl","1","0","0.0","0.0","0.6277777777777778","0.0","0.0","reason","0","0","0","1.0382450930774212","1.0","0.0","1.0382450930774212","1.0","0.0","1.0","",""
"arfa-llama3.1:8b-8k","shadow_development","intercode-nl2bash-fs3-031","False","5","7561","results/phase1_5_shadow/full/llama3.1-8b/shadow_development/traces.jsonl","2","0","0.0","0.0","0.6277777777777778","0.0","1.0","reason","0","0","0","1.0269030909985304","1.0","0.0","1.0269030909985304","1.0","0.0","1.0","",""
"arfa-llama3.1:8b-8k","shadow_development","intercode-nl2bash-fs3-031","False","5","7561","results/phase1_5_shadow/full/llama3.1-8b/shadow_development/traces.jsonl","3","2","0.36363636363636365","1.0","0.7777777777777777","0.0","1.0","reason","1","0","0","1.0233491286635399","1.0","0.36363636363636365","1.0233491286635399","1.0","1.0","1.0","",""
"arfa-llama3.1:8b-8k","shadow_development","intercode-nl2bash-fs3-031","False","5","7561","results/phase1_5_shadow/full/llama3.1-8b/shadow_development/traces.jsonl","4","0","0.0","0.0","0.7666666666666666","0.0","0.0","fast_candidate","0","0","0","0.9606110490858555","0.0","0.0","0.9606110490858555","0.0","0.0","0.0","",""
"arfa-llama3.1:8b-8k","shadow_development","intercode-nl2bash-fs3-045","False","9","19614","results/phase1_5_shadow/full/llama3.1-8b/shadow_development/traces.jsonl","1","0","0.0","0.0","1.0","1.0","1.0","reason","0","0","0","0.9205492660403252","1.0","0.0","1.0","1.0","1.0","1.0","0","0"
"arfa-llama3.1:8b-8k","shadow_development","intercode-nl2bash-fs3-045","False","9","19614","results/phase1_5_shadow/full/llama3.1-8b/shadow_development/traces.jsonl","2","0","0.0","0.0","1.0","0.0","1.0","reason","0","0","0","0.7881761640310287","1.0","0.0","1.0","1.0","0.0","1.0","0","0"
"arfa-llama3.1:8b-8k","shadow_development","intercode-nl2bash-fs3-045","False","9","19614","results/phase1_5_shadow/full/llama3.1-8b/shadow_development/traces.jsonl","3","0","0.0","0.0","1.0","0.0","1.0","reason","0","0","0","0.9205492660403252","1.0","0.0","1.0","1.0","0.0","1.0","0","0"
"arfa-llama3.1:8b-8k","shadow_development","intercode-nl2bash-fs3-045","False","9","19614","results/phase1_5_shadow/full/llama3.1-8b/shadow_development/traces.jsonl","4","2","0.7083333333333335","1.0","0.9166666666666666","0.0","1.0","reason","1","0","0","0.8735185861587524","1.0","0.7083333333333335","1.0","1.0","1.0","1.0","1","1"
"arfa-llama3.1:8b-8k","shadow_development","intercode-nl2bash-fs3-045","False","9","19614","results/phase1_5_shadow/full/llama3.1-8b/shadow_development/traces.jsonl","5","2","0.7083333333333335","1.0","1.0","0.0","1.0","reason","1","0","0","0.8358424305915833","1.0","0.7083333333333335","1.0","1.0","1.0","1.0","1","1"
"arfa-llama3.1:8b-8k","shadow_development","intercode-nl2bash-fs3-045","False","9","19614","results/phase1_5_shadow/full/llama3.1-8b/shadow_development/traces.jsonl","6","0","0.0","0.0","1.0","1.0","1.0","reason","0","0","0","0.9042362421751022","1.0","0.0","1.0","1.0","1.0","1.0","0","0"
"arfa-llama3.1:8b-8k","shadow_development","intercode-nl2bash-fs3-045","False","9","19614","results/phase1_5_shadow/full/llama3.1-8b/shadow_development/traces.jsonl","7","0","0.0","0.0","1.0","0.0","1.0","reason","0","0","0","0.7881761640310287","1.0","0.0","1.0","1.0","0.0","1.0","0","0"
"arfa-llama3.1:8b-8k","shadow_development","intercode-nl2bash-fs3-045","False","9","19614","results/phase1_5_shadow/full/llama3.1-8b/shadow_development/traces.jsonl","8","0","0.0","0.0","1.0","0.0","0.0","fast_candidate","0","0","0","0.9205492660403252","0.0","0.0","0.9205492660403252","0.0","0.0","0.0","0","0"
"arfa-llama3.1:8b-8k","shadow_development","intercode-nl2bash-fs3-049","False","5","8553","results/phase1_5_shadow/full/llama3.1-8b/shadow_development/traces.jsonl","1","0","0.0","0.0","1.0","0.0","1.0","reason","0","0","0","0.6983236074447632","1.0","0.0","1.0","1.0","0.0","1.0","0","0"
"arfa-llama3.1:8b-8k","shadow_development","intercode-nl2bash-fs3-049","False","5","8553","results/phase1_5_shadow/full/llama3.1-8b/shadow_development/traces.jsonl","2","0","0.33333333333333337","0.0","0.85","1.0","1.0","reason","0","0","1","1.0190395936369896","1.0","0.33333333333333337","1.0190395936369896","1.0","1.0","1.0","0","1"
"arfa-llama3.1:8b-8k","shadow_development","intercode-nl2bash-fs3-049","False","5","8553","results/phase1_5_shadow/full/llama3.1-8b/shadow_development/traces.jsonl","3","0","0.0","0.0","1.0","0.0","1.0","reason","0","0","0","0.6983236074447632","1.0","0.0","1.0","1.0","0.0","1.0","0","0"
"arfa-llama3.1:8b-8k","shadow_development","intercode-nl2bash-fs3-049","False","5","8553","results/phase1_5_shadow/full/llama3.1-8b/shadow_development/traces.jsonl","4","0","0.33333333333333337","0.0","1.0","1.0","1.0","reason","0","0","1","0.9844461157917976","1.0","0.33333333333333337","1.0","1.0","1.0","1.0","0","1"
"arfa-llama3.1:8b-8k","shadow_development","intercode-nl2bash-fs3-055","False","5","7542","results/phase1_5_shadow/full/llama3.1-8b/shadow_development/traces.jsonl","1","0","0.0","0.0","0.8888888888888888","0.0","1.0","reason","0","0","0","0.6500791907310486","1.0","0.0","1.0","1.0","0.0","1.0","","0"
"arfa-llama3.1:8b-8k","shadow_development","intercode-nl2bash-fs3-055","False","5","7542","results/phase1_5_shadow/full/llama3.1-8b/shadow_development/traces.jsonl","2","0","0.33333333333333337","0.0","1.0","0.0","0.0","fast_candidate","0","0","1","0.8468372374773026","0.0","0.33333333333333337","0.8468372374773026","0.33333333333333337","0.0","0.33333333333333337","0","1"
"arfa-llama3.1:8b-8k","shadow_development","intercode-nl2bash-fs3-055","False","5","7542","results/phase1_5_shadow/full/llama3.1-8b/shadow_development/traces.jsonl","4","0","0.33333333333333337","0.0","1.0","0.0","0.0","fast_candidate","0","0","1","0.8468372374773026","0.0","0.33333333333333337","0.8468372374773026","0.33333333333333337","0.0","0.33333333333333337","0","1"
"arfa-llama3.1:8b-8k","shadow_development","intercode-nl2bash-fs3-058","False","4","4522","results/phase1_5_shadow/full/llama3.1-8b/shadow_development/traces.jsonl","1","0","0.0","0.0","0.9555555555555556","0.0","1.0","reason","0","0","0","0.8851894587278366","1.0","0.0","1.0","1.0","0.0","1.0","0","0"
"arfa-llama3.1:8b-8k","shadow_development","intercode-nl2bash-fs3-058","False","4","4522","results/phase1_5_shadow/full/llama3.1-8b/shadow_development/traces.jsonl","2","0","0.0","0.0","0.9222222222222222","0.0","0.0","fast_candidate","0","0","0","0.9707828871905804","0.0","0.0","0.9707828871905804","0.0","0.0","0.0","0","0"
"arfa-llama3.1:8b-8k","shadow_development","intercode-nl2bash-fs3-058","False","4","4522","results/phase1_5_shadow/full/llama3.1-8b/shadow_development/traces.jsonl","3","0","0.0","0.0","0.8722222222222222","0.0","0.0","fast_candidate","0","0","0","0.8768951743841171","0.0","0.0","0.8768951743841171","0.0","0.0","0.0","0","0"
"arfa-llama3.1:8b-8k","shadow_development","intercode-nl2bash-fs4-003","False","3","3061","results/phase1_5_shadow/full/llama3.1-8b/shadow_development/traces.jsonl","1","0","0.0","0.0","0.4611111111111111","0.0","0.0","reason","0","0","0","0.614721029996872","1.0","0.0","1.0","1.0","0.0","1.0","",""
"arfa-llama3.1:8b-8k","shadow_development","intercode-nl2bash-fs4-003","False","3","3061","results/phase1_5_shadow/full/llama3.1-8b/shadow_development/traces.jsonl","2","0","0.0","0.0","0.7222222222222223","0.0","0.0","fast_candidate","0","0","0","0.8127758055925369","0.0","0.0","0.8127758055925369","0.0","0.0","0.0","0","0"
"arfa-llama3.1:8b-8k","shadow_development","intercode-nl2bash-fs4-004","False","5","7741","results/phase1_5_shadow/full/llama3.1-8b/shadow_development/traces.jsonl","1","0","0.0","0.0","0.8888888888888888","0.0","1.0","reason","0","0","0","0.762795090675354","1.0","0.0","1.0","1.0","0.0","1.0","","0"
"arfa-llama3.1:8b-8k","shadow_development","intercode-nl2bash-fs4-004","False","5","7741","results/phase1_5_shadow/full/llama3.1-8b/shadow_development/traces.jsonl","2","0","0.16666666666666669","0.0","0.9222222222222222","1.0","1.0","reason","0","0","0","0.7562933713197708","1.0","0.16666666666666669","1.0","1.0","1.0","1.0","0","1"
"arfa-llama3.1:8b-8k","shadow_development","intercode-nl2bash-fs4-004","False","5","7741","results/phase1_5_shadow/full/llama3.1-8b/shadow_development/traces.jsonl","3","2","0.8750000000000001","1.0","0.9666666666666667","0.0","0.0","reason","1","0","1","0.9754636567085981","0.0","0.8750000000000001","0.9754636567085981","0.8750000000000001","1.0","0.8750000000000001","1","1"
"arfa-llama3.1:8b-8k","shadow_development","intercode-nl2bash-fs4-004","False","5","7741","results/phase1_5_shadow/full/llama3.1-8b/shadow_development/traces.jsonl","4","0","0.0","0.0","0.9666666666666667","0.0","0.0","fast_candidate","0","0","0","0.5568634569644928","0.0","0.0","0.5568634569644928","0.0","0.0","0.0","0","0"
"arfa-llama3.1:8b-8k","shadow_development","intercode-nl2bash-fs4-006","True","5","6929","results/phase1_5_shadow/full/llama3.1-8b/shadow_development/traces.jsonl","1","0","0.0","0.0","1.0","0.0","1.0","reason","0","0","0","0.9530700892210007","1.0","0.0","1.0","1.0","0.0","1.0","0","0"
"arfa-llama3.1:8b-8k","shadow_development","intercode-nl2bash-fs4-006","True","5","6929","results/phase1_5_shadow/full/llama3.1-8b/shadow_development/traces.jsonl","2","2","0.5416666666666667","1.0","1.0","0.0","0.0","reason","1","0","0","0.8472928702831268","0.0","0.5416666666666667","0.8472928702831268","0.5416666666666667","1.0","0.5416666666666667","1","0"
"arfa-llama3.1:8b-8k","shadow_development","intercode-nl2bash-fs4-006","True","5","6929","results/phase1_5_shadow/full/llama3.1-8b/shadow_development/traces.jsonl","3","0","0.0","0.0","1.0","0.0","0.0","fast_candidate","0","0","0","0.5455045700073242","0.0","0.0","0.5455045700073242","0.0","0.0","0.0","0","0"
"arfa-llama3.1:8b-8k","shadow_development","intercode-nl2bash-fs4-006","True","5","6929","results/phase1_5_shadow/full/llama3.1-8b/shadow_development/traces.jsonl","4","0","0.0","0.0","0.9555555555555556","0.0","0.0","fast_candidate","0","0","0","0.915311649441719","0.0","0.0","0.915311649441719","0.0","0.0","0.0","0","0"
"arfa-llama3.1:8b-8k","shadow_development","intercode-nl2bash-fs4-015","False","4","4958","results/phase1_5_shadow/full/llama3.1-8b/shadow_development/traces.jsonl","1","0","0.0","0.0","0.7666666666666666","0.0","0.0","fast_candidate","0","0","0","0.6396219432353973","0.0","0.0","0.6396219432353973","0.0","0.0","0.0","",""
"arfa-llama3.1:8b-8k","shadow_development","intercode-nl2bash-fs4-015","False","4","4958","results/phase1_5_shadow/full/llama3.1-8b/shadow_development/traces.jsonl","2","2","0.65","1.0","0.8777777777777778","0.0","0.0","reason","1","0","0","0.8651509881019592","0.0","0.65","0.8651509881019592","0.65","1.0","0.65","1",""
"arfa-llama3.1:8b-8k","shadow_development","intercode-nl2bash-fs4-015","False","4","4958","results/phase1_5_shadow/full/llama3.1-8b/shadow_development/traces.jsonl","3","0","0.0","0.0","0.8777777777777778","0.0","0.0","fast_candidate","0","0","0","0.6396219432353973","0.0","0.0","0.6396219432353973","0.0","0.0","0.0","0",""
"arfa-llama3.1:8b-8k","shadow_development","intercode-nl2bash-fs4-019","True","2","1897","results/phase1_5_shadow/full/llama3.1-8b/shadow_development/traces.jsonl","1","0","0.8000000000000002","0.2","0.8888888888888888","0.0","1.0","reason","1","0","1","0.6453568637371063","1.0","0.8000000000000002","1.0","1.0","0.2","1.0","","1"
"arfa-llama3.1:8b-8k","shadow_development","intercode-nl2bash-fs4-020","False","2","1737","results/phase1_5_shadow/full/llama3.1-8b/shadow_development/traces.jsonl","1","0","0.0","0.0","0.6944444444444443","0.0","0.0","reason","0","0","0","0.4704793691635132","1.0","0.0","1.0","1.0","0.0","1.0","",""
"arfa-llama3.1:8b-8k","shadow_development","intercode-nl2bash-fs4-023","True","2","2049","results/phase1_5_shadow/full/llama3.1-8b/shadow_development/traces.jsonl","1","0","0.0","0.0","0.8722222222222222","0.0","1.0","reason","0","0","0","0.857315719127655","1.0","0.0","1.0","1.0","0.0","1.0","","0"
"arfa-llama3.1:8b-8k","shadow_development","intercode-nl2bash-fs4-024","True","2","1862","results/phase1_5_shadow/full/llama3.1-8b/shadow_development/traces.jsonl","1","0","0.0","0.0","0.8222222222222223","0.0","0.0","fast_candidate","0","0","0","0.9832500778138638","0.0","0.0","0.9832500778138638","0.0","0.0","0.0","0","0"
"arfa-llama3.1:8b-8k","shadow_development","intercode-nl2bash-fs4-025","False","4","5170","results/phase1_5_shadow/full/llama3.1-8b/shadow_development/traces.jsonl","1","0","0.0","0.0","0.8888888888888888","0.0","1.0","reason","0","0","0","0.40509331226348877","1.0","0.0","1.0","1.0","0.0","1.0","","0"
"arfa-llama3.1:8b-8k","shadow_development","intercode-nl2bash-fs4-025","False","4","5170","results/phase1_5_shadow/full/llama3.1-8b/shadow_development/traces.jsonl","2","0","0.33333333333333337","0.0","1.0","0.0","0.0","fast_candidate","0","0","1","0.8234655112028122","0.0","0.33333333333333337","0.8234655112028122","0.33333333333333337","0.0","0.33333333333333337","0","1"
"arfa-llama3.1:8b-8k","shadow_development","intercode-nl2bash-fs4-025","False","4","5170","results/phase1_5_shadow/full/llama3.1-8b/shadow_development/traces.jsonl","3","0","0.0","0.0","0.8888888888888888","0.0","0.0","fast_candidate","0","0","0","0.48312079906463623","0.0","0.0","0.48312079906463623","0.0","0.0","0.0","","0"
"arfa-llama3.1:8b-8k","shadow_test","intercode-nl2bash-fs1-000","False","3","3422","results/phase1_5_shadow/full/llama3.1-8b/shadow_test/traces.jsonl","1","0","0.5333333333333333","0.0","0.8777777777777778","0.0","1.0","reason","0","0","1","1.0357094034552574","1.0","0.5333333333333333","1.0357094034552574","1.0","0.0","1.0","","1"
"arfa-llama3.1:8b-8k","shadow_test","intercode-nl2bash-fs1-000","False","3","3422","results/phase1_5_shadow/full/llama3.1-8b/shadow_test/traces.jsonl","2","0","0.33333333333333337","0.0","0.9888888888888889","0.0","0.0","fast_candidate","0","0","1","1.0357094034552574","0.0","0.33333333333333337","1.0357094034552574","0.33333333333333337","0.0","0.33333333333333337","0","1"
"arfa-llama3.1:8b-8k","shadow_test","intercode-nl2bash-fs1-001","True","2","1968","results/phase1_5_shadow/full/llama3.1-8b/shadow_test/traces.jsonl","1","0","0.0","0.0","0.7777777777777777","0.0","1.0","reason","0","0","0","0.8581671863794327","1.0","0.0","1.0","1.0","0.0","1.0","",""
"arfa-llama3.1:8b-8k","shadow_test","intercode-nl2bash-fs1-009","False","3","3217","results/phase1_5_shadow/full/llama3.1-8b/shadow_test/traces.jsonl","1","1","0.26666666666666666","0.55","0.8888888888888888","0.0","1.0","reason","0","0","1","0.8760366886854172","1.0","0.26666666666666666","1.0","1.0","0.55","1.0","","0"
"arfa-llama3.1:8b-8k","shadow_test","intercode-nl2bash-fs1-009","False","3","3217","results/phase1_5_shadow/full/llama3.1-8b/shadow_test/traces.jsonl","2","0","0.0","0.0","1.0","0.0","0.0","fast_candidate","0","0","0","0.5082215070724487","0.0","0.0","0.5082215070724487","0.0","0.0","0.0","0","0"
"arfa-llama3.1:8b-8k","shadow_test","intercode-nl2bash-fs1-010","False","6","10591","results/phase1_5_shadow/full/llama3.1-8b/shadow_test/traces.jsonl","1","1","0.375","0.55","0.9666666666666667","0.0","1.0","reason","0","0","0","0.6780055165290833","1.0","0.375","1.0","1.0","0.55","1.0","1","0"
"arfa-llama3.1:8b-8k","shadow_test","intercode-nl2bash-fs1-010","False","6","10591","results/phase1_5_shadow/full/llama3.1-8b/shadow_test/traces.jsonl","2","2","0.8750000000000001","1.0","1.0","0.0","0.0","reason","1","0","1","0.833542674779892","0.0","0.8750000000000001","0.833542674779892","0.8750000000000001","1.0","0.8750000000000001","1","1"
"arfa-llama3.1:8b-8k","shadow_test","intercode-nl2bash-fs1-010","False","6","10591","results/phase1_5_shadow/full/llama3.1-8b/shadow_test/traces.jsonl","3","2","0.5416666666666667","1.0","0.9222222222222222","0.0","0.0","reason","1","0","0","0.7982878684997559","0.0","0.5416666666666667","0.7982878684997559","0.5416666666666667","1.0","0.5416666666666667","1","0"
"arfa-llama3.1:8b-8k","shadow_test","intercode-nl2bash-fs1-010","False","6","10591","results/phase1_5_shadow/full/llama3.1-8b/shadow_test/traces.jsonl","4","1","0.7083333333333335","0.75","1.0","0.0","0.0","reason","1","0","1","0.5187170505523682","0.0","0.7083333333333335","0.5187170505523682","0.7083333333333335","0.75","0.7083333333333335","1","0"
"arfa-llama3.1:8b-8k","shadow_test","intercode-nl2bash-fs1-010","False","6","10591","results/phase1_5_shadow/full/llama3.1-8b/shadow_test/traces.jsonl","5","0","0.16666666666666669","0.0","1.0","0.0","0.0","fast_candidate","0","0","1","0.866778552532196","0.0","0.16666666666666669","0.866778552532196","0.16666666666666669","0.0","0.16666666666666669","0","0"
"arfa-llama3.1:8b-8k","shadow_test","intercode-nl2bash-fs1-016","False","4","5131","results/phase1_5_shadow/full/llama3.1-8b/shadow_test/traces.jsonl","1","0","0.0","0.0","1.0","0.0","1.0","reason","0","0","0","0.3335248827934265","1.0","0.0","1.0","1.0","0.0","1.0","0","0"
"arfa-llama3.1:8b-8k","shadow_test","intercode-nl2bash-fs1-016","False","4","5131","results/phase1_5_shadow/full/llama3.1-8b/shadow_test/traces.jsonl","2","2","0.0","1.0","0.6166666666666667","0.0","1.0","reason","","0","0","0.9902689605951309","1.0","0.0","1.0","1.0","1.0","1.0","",""
"arfa-llama3.1:8b-8k","shadow_test","intercode-nl2bash-fs1-016","False","4","5131","results/phase1_5_shadow/full/llama3.1-8b/shadow_test/traces.jsonl","3","0","0.0","0.0","1.0","0.0","0.0","fast_candidate","0","0","0","0.33558982610702515","0.0","0.0","0.33558982610702515","0.0","0.0","0.0","0","0"
"arfa-llama3.1:8b-8k","shadow_test","intercode-nl2bash-fs1-023","False","5","7022","results/phase1_5_shadow/full/llama3.1-8b/shadow_test/traces.jsonl","1","0","0.0","0.0","0.7388888888888889","0.0","1.0","reason","0","0","0","0.4976077079772949","1.0","0.0","1.0","1.0","0.0","1.0","",""
"arfa-llama3.1:8b-8k","shadow_test","intercode-nl2bash-fs1-023","False","5","7022","results/phase1_5_shadow/full/llama3.1-8b/shadow_test/traces.jsonl","2","0","0.16666666666666669","0.0","1.0","1.0","1.0","reason","0","0","0","0.7622138857841492","1.0","0.16666666666666669","1.0","1.0","1.0","1.0","0","1"
"arfa-llama3.1:8b-8k","shadow_test","intercode-nl2bash-fs1-023","False","5","7022","results/phase1_5_shadow/full/llama3.1-8b/shadow_test/traces.jsonl","3","2","0.5416666666666667","1.0","0.9055555555555556","0.0","0.0","reason","1","0","0","0.6811147332191467","0.0","0.5416666666666667","0.6811147332191467","0.5416666666666667","1.0","0.5416666666666667","1","0"
"arfa-llama3.1:8b-8k","shadow_test","intercode-nl2bash-fs1-023","False","5","7022","results/phase1_5_shadow/full/llama3.1-8b/shadow_test/traces.jsonl","4","0","0.16666666666666669","0.0","1.0","1.0","1.0","reason","0","0","0","0.7622138857841492","1.0","0.16666666666666669","1.0","1.0","1.0","1.0","0","1"
"arfa-llama3.1:8b-8k","shadow_test","intercode-nl2bash-fs1-031","False","5","8025","results/phase1_5_shadow/full/llama3.1-8b/shadow_test/traces.jsonl","1","2","0.36363636363636365","1.0","0.6277777777777778","0.0","1.0","reason","1","0","0","0.9189653247594833","1.0","0.36363636363636365","1.0","1.0","1.0","1.0","",""
"arfa-llama3.1:8b-8k","shadow_test","intercode-nl2bash-fs1-031","False","5","8025","results/phase1_5_shadow/full/llama3.1-8b/shadow_test/traces.jsonl","2","2","0.7083333333333335","1.0","0.9666666666666667","0.0","0.0","reason","1","0","0","0.7387832701206207","0.0","0.7083333333333335","0.7387832701206207","0.7083333333333335","1.0","0.7083333333333335","1","1"
"arfa-llama3.1:8b-8k","shadow_test","intercode-nl2bash-fs1-031","False","5","8025","results/phase1_5_shadow/full/llama3.1-8b/shadow_test/traces.jsonl","3","2","0.7083333333333335","1.0","0.9666666666666667","0.0","1.0","reason","1","0","0","0.9345346912741661","1.0","0.7083333333333335","1.0","1.0","1.0","1.0","1","1"
"arfa-llama3.1:8b-8k","shadow_test","intercode-nl2bash-fs1-031","False","5","8025","results/phase1_5_shadow/full/llama3.1-8b/shadow_test/traces.jsonl","4","0","0.0","0.0","0.9666666666666667","0.0","0.0","fast_candidate","0","0","0","0.9966029617935419","0.0","0.0","0.9966029617935419","0.0","0.0","0.0","0","0"
"arfa-llama3.1:8b-8k","shadow_test","intercode-nl2bash-fs1-032","False","6","10386","results/phase1_5_shadow/full/llama3.1-8b/shadow_test/traces.jsonl","1","0","0.0","0.0","0.7388888888888889","0.0","1.0","reason","0","0","0","0.8791864514350891","1.0","0.0","1.0","1.0","0.0","1.0","",""
"arfa-llama3.1:8b-8k","shadow_test","intercode-nl2bash-fs1-032","False","6","10386","results/phase1_5_shadow/full/llama3.1-8b/shadow_test/traces.jsonl","2","2","0.7083333333333335","1.0","0.8611111111111112","0.0","0.0","reason","1","0","0","0.6872011423110962","0.0","0.7083333333333335","0.6872011423110962","0.7083333333333335","1.0","0.7083333333333335","1","1"
"arfa-llama3.1:8b-8k","shadow_test","intercode-nl2bash-fs1-032","False","6","10386","results/phase1_5_shadow/full/llama3.1-8b/shadow_test/traces.jsonl","3","2","0.36363636363636365","1.0","0.7222222222222223","0.0","0.0","reason","1","0","0","0.7884975075721741","0.0","0.36363636363636365","0.7884975075721741","0.36363636363636365","1.0","0.36363636363636365","",""
"arfa-llama3.1:8b-8k","shadow_test","intercode-nl2bash-fs1-032","False","6","10386","results/phase1_5_shadow/full/llama3.1-8b/shadow_test/traces.jsonl","4","0","0.0","0.0","0.9722222222222222","0.0","0.0","fast_candidate","0","0","0","0.44818395376205444","0.0","0.0","0.44818395376205444","0.0","0.0","0.0","0","0"
"arfa-llama3.1:8b-8k","shadow_test","intercode-nl2bash-fs1-032","False","6","10386","results/phase1_5_shadow/full/llama3.1-8b/shadow_test/traces.jsonl","5","0","0.0","0.0","0.9611111111111111","0.0","0.0","fast_candidate","0","0","0","0.8791864514350891","0.0","0.0","0.8791864514350891","0.0","0.0","0.0","0","0"
"arfa-llama3.1:8b-8k","shadow_test","intercode-nl2bash-fs1-035","True","6","10437","results/phase1_5_shadow/full/llama3.1-8b/shadow_test/traces.jsonl","1","0","0.0","0.0","1.0","0.0","0.0","fast_candidate","0","0","0","0.7612326592206955","0.0","0.0","0.7612326592206955","0.0","0.0","0.0","0","0"
"arfa-llama3.1:8b-8k","shadow_test","intercode-nl2bash-fs1-035","True","6","10437","results/phase1_5_shadow/full/llama3.1-8b/shadow_test/traces.jsonl","2","2","0.5714285714285715","1.0","0.6666666666666666","0.0","0.0","reason","","0","1","0.8188961148262024","1.0","0.5714285714285715","1.0","1.0","1.0","1.0","",""
"arfa-llama3.1:8b-8k","shadow_test","intercode-nl2bash-fs1-035","True","6","10437","results/phase1_5_shadow/full/llama3.1-8b/shadow_test/traces.jsonl","3","2","0.5714285714285715","1.0","0.6666666666666666","0.0","0.0","reason","","0","1","0.7957330346107483","1.0","0.5714285714285715","1.0","1.0","1.0","1.0","",""
"arfa-llama3.1:8b-8k","shadow_test","intercode-nl2bash-fs1-035","True","6","10437","results/phase1_5_shadow/full/llama3.1-8b/shadow_test/traces.jsonl","4","0","0.0","0.0","1.0","0.0","0.0","fast_candidate","0","0","0","0.5861029624938965","0.0","0.0","0.5861029624938965","0.0","0.0","0.0","0","0"
"arfa-llama3.1:8b-8k","shadow_test","intercode-nl2bash-fs1-035","True","6","10437","results/phase1_5_shadow/full/llama3.1-8b/shadow_test/traces.jsonl","5","0","0.0","0.0","1.0","0.0","0.0","fast_candidate","0","0","0","0.6892051994800568","0.0","0.0","0.6892051994800568","0.0","0.0","0.0","0","0"
"arfa-llama3.1:8b-8k","shadow_test","intercode-nl2bash-fs1-051","False","4","5506","results/phase1_5_shadow/full/llama3.1-8b/shadow_test/traces.jsonl","1","0","0.0","0.0","0.8888888888888888","0.0","1.0","reason","0","0","0","0.7097305655479431","1.0","0.0","1.0","1.0","0.0","1.0","","0"
"arfa-llama3.1:8b-8k","shadow_test","intercode-nl2bash-fs1-051","False","4","5506","results/phase1_5_shadow/full/llama3.1-8b/shadow_test/traces.jsonl","2","2","0.8750000000000001","1.0","0.8611111111111112","0.0","1.0","reason","1","0","1","0.871350884437561","1.0","0.8750000000000001","1.0","1.0","1.0","1.0","1","1"
"arfa-llama3.1:8b-8k","shadow_test","intercode-nl2bash-fs1-051","False","4","5506","results/phase1_5_shadow/full/llama3.1-8b/shadow_test/traces.jsonl","3","2","0.8000000000000002","1.0","0.85","0.0","0.0","reason","1","0","1","0.8990950733423233","0.0","0.8000000000000002","0.8990950733423233","0.8000000000000002","1.0","0.8000000000000002","","1"
"arfa-llama3.1:8b-8k","shadow_test","intercode-nl2bash-fs1-057","False","9","20035","results/phase1_5_shadow/full/llama3.1-8b/shadow_test/traces.jsonl","1","0","0.0","0.0","0.7888888888888889","0.0","1.0","reason","0","0","0","0.8728615343570709","1.0","0.0","1.0","1.0","0.0","1.0","","0"
"arfa-llama3.1:8b-8k","shadow_test","intercode-nl2bash-fs1-057","False","9","20035","results/phase1_5_shadow/full/llama3.1-8b/shadow_test/traces.jsonl","2","1","0.375","0.55","0.9222222222222222","0.0","0.0","reason","0","0","0","0.9309421926736832","0.0","0.375","0.9309421926736832","0.375","0.55","0.375","1","0"
"arfa-llama3.1:8b-8k","shadow_test","intercode-nl2bash-fs1-057","False","9","20035","results/phase1_5_shadow/full/llama3.1-8b/shadow_test/traces.jsonl","3","2","0.5416666666666667","1.0","1.0","0.0","1.0","reason","1","0","0","0.9094483852386475","1.0","0.5416666666666667","1.0","1.0","1.0","1.0","1","0"
"arfa-llama3.1:8b-8k","shadow_test","intercode-nl2bash-fs1-057","False","9","20035","results/phase1_5_shadow/full/llama3.1-8b/shadow_test/traces.jsonl","4","0","0.0","0.0","1.0","0.0","0.0","fast_candidate","0","0","0","0.894371472299099","0.0","0.0","0.894371472299099","0.0","0.0","0.0","0","0"
"arfa-llama3.1:8b-8k","shadow_test","intercode-nl2bash-fs1-057","False","9","20035","results/phase1_5_shadow/full/llama3.1-8b/shadow_test/traces.jsonl","5","1","0.5416666666666667","1.0","1.0","0.0","0.0","reason","1","0","0","0.3911973237991333","0.0","0.5416666666666667","0.3911973237991333","0.5416666666666667","1.0","0.5416666666666667","1","0"
"arfa-llama3.1:8b-8k","shadow_test","intercode-nl2bash-fs1-057","False","9","20035","results/phase1_5_shadow/full/llama3.1-8b/shadow_test/traces.jsonl","6","0","0.0","0.0","1.0","0.0","0.0","fast_candidate","0","0","0","0.7907061874866486","0.0","0.0","0.7907061874866486","0.0","0.0","0.0","0","0"
"arfa-llama3.1:8b-8k","shadow_test","intercode-nl2bash-fs1-057","False","9","20035","results/phase1_5_shadow/full/llama3.1-8b/shadow_test/traces.jsonl","7","1","0.5416666666666667","0.55","0.9722222222222222","0.0","0.0","reason","0","0","0","0.9437909834086895","0.0","0.5416666666666667","0.9437909834086895","0.5416666666666667","0.55","0.5416666666666667","1","1"
"arfa-llama3.1:8b-8k","shadow_test","intercode-nl2bash-fs1-057","False","9","20035","results/phase1_5_shadow/full/llama3.1-8b/shadow_test/traces.jsonl","8","0","0.0","0.0","0.9666666666666667","0.0","0.0","fast_candidate","0","0","0","0.863979771733284","0.0","0.0","0.863979771733284","0.0","0.0","0.0","0","0"
"arfa-llama3.1:8b-8k","shadow_test","intercode-nl2bash-fs1-058","True","7","12557","results/phase1_5_shadow/full/llama3.1-8b/shadow_test/traces.jsonl","1","0","0.5333333333333333","0.0","0.8888888888888888","0.0","1.0","reason","0","0","1","0.9208289682865143","1.0","0.5333333333333333","1.0","1.0","0.0","1.0","","1"
"arfa-llama3.1:8b-8k","shadow_test","intercode-nl2bash-fs1-058","True","7","12557","results/phase1_5_shadow/full/llama3.1-8b/shadow_test/traces.jsonl","2","2","0.8000000000000002","1.0","0.8888888888888888","0.0","1.0","reason","1","0","1","0.9731263294816017","1.0","0.8000000000000002","1.0","1.0","1.0","1.0","","1"
"arfa-llama3.1:8b-8k","shadow_test","intercode-nl2bash-fs1-058","True","7","12557","results/phase1_5_shadow/full/llama3.1-8b/shadow_test/traces.jsonl","3","2","0.26666666666666666","1.0","0.8888888888888888","0.0","0.0","fast_candidate","0","0","1","0.9731263294816017","0.0","0.26666666666666666","0.9731263294816017","0.26666666666666666","1.0","0.26666666666666666","","0"
"arfa-llama3.1:8b-8k","shadow_test","intercode-nl2bash-fs1-058","True","7","12557","results/phase1_5_shadow/full/llama3.1-8b/shadow_test/traces.jsonl","4","1","0.8000000000000002","1.0","0.7555555555555555","0.0","1.0","reason","1","0","1","0.5473033785820007","1.0","0.8000000000000002","1.0","1.0","1.0","1.0","","1"
"arfa-llama3.1:8b-8k","shadow_test","intercode-nl2bash-fs1-058","True","7","12557","results/phase1_5_shadow/full/llama3.1-8b/shadow_test/traces.jsonl","5","0","0.5333333333333333","0.0","0.8888888888888888","0.0","1.0","reason","0","0","1","0.9208289682865143","1.0","0.5333333333333333","1.0","1.0","0.0","1.0","","1"
"arfa-llama3.1:8b-8k","shadow_test","intercode-nl2bash-fs1-058","True","7","12557","results/phase1_5_shadow/full/llama3.1-8b/shadow_test/traces.jsonl","6","0","0.5333333333333333","0.0","0.8888888888888888","1.0","1.0","reason","0","0","1","0.9174754321575165","1.0","0.5333333333333333","1.0","1.0","1.0","1.0","","1"
"arfa-llama3.1:8b-8k","shadow_test","intercode-nl2bash-fs2-008","False","3","3291","results/phase1_5_shadow/full/llama3.1-8b/shadow_test/traces.jsonl","1","0","0.0","0.0","0.8777777777777778","0.0","0.0","fast_candidate","0","0","0","0.905440665781498","0.0","0.0","0.905440665781498","0.0","0.0","0.0","","0"
"arfa-llama3.1:8b-8k","shadow_test","intercode-nl2bash-fs2-008","False","3","3291","results/phase1_5_shadow/full/llama3.1-8b/shadow_test/traces.jsonl","2","0","0.0","0.0","1.0","0.0","1.0","reason","0","0","0","0.5090280771255493","1.0","0.0","1.0","1.0","0.0","1.0","0","0"
"arfa-llama3.1:8b-8k","shadow_test","intercode-nl2bash-fs2-009","False","9","24477","results/phase1_5_shadow/full/llama3.1-8b/shadow_test/traces.jsonl","1","0","0.16666666666666669","0.0","1.0","0.0","1.0","reason","0","0","0","0.9398745894432068","1.0","0.16666666666666669","1.0","1.0","0.0","1.0","0","1"
"arfa-llama3.1:8b-8k","shadow_test","intercode-nl2bash-fs2-009","False","9","24477","results/phase1_5_shadow/full/llama3.1-8b/shadow_test/traces.jsonl","2","2","0.7083333333333335","1.0","1.0","0.0","0.0","reason","1","0","0","0.9846625346690416","0.0","0.7083333333333335","0.9846625346690416","0.7083333333333335","1.0","0.7083333333333335","1","1"
"arfa-llama3.1:8b-8k","shadow_test","intercode-nl2bash-fs2-009","False","9","24477","results/phase1_5_shadow/full/llama3.1-8b/shadow_test/traces.jsonl","3","1","0.7083333333333335","1.0","1.0","0.0","0.0","reason","1","0","0","0.8541087061166763","0.0","0.7083333333333335","0.8541087061166763","0.7083333333333335","1.0","0.7083333333333335","1","1"
"arfa-llama3.1:8b-8k","shadow_test","intercode-nl2bash-fs2-009","False","9","24477","results/phase1_5_shadow/full/llama3.1-8b/shadow_test/traces.jsonl","4","1","0.7083333333333335","1.0","1.0","0.0","0.0","reason","1","0","0","0.8541087061166763","0.0","0.7083333333333335","0.8541087061166763","0.7083333333333335","1.0","0.7083333333333335","1","1"
"arfa-llama3.1:8b-8k","shadow_test","intercode-nl2bash-fs2-009","False","9","24477","results/phase1_5_shadow/full/llama3.1-8b/shadow_test/traces.jsonl","5","2","0.6666666666666667","1.0","0.9166666666666666","0.0","0.0","reason","1","1","0","0.8656002134084702","0.0","0.6666666666666667","0.8656002134084702","0.6666666666666667","1.0","0.6666666666666667","1","0"
"arfa-llama3.1:8b-8k","shadow_test","intercode-nl2bash-fs2-009","False","9","24477","results/phase1_5_shadow/full/llama3.1-8b/shadow_test/traces.jsonl","6","2","0.8750000000000001","1.0","1.0","0.0","0.0","reason","1","0","1","0.29898542165756226","0.0","0.8750000000000001","0.29898542165756226","0.8750000000000001","1.0","0.8750000000000001","1","1"
"arfa-llama3.1:8b-8k","shadow_test","intercode-nl2bash-fs2-009","False","9","24477","results/phase1_5_shadow/full/llama3.1-8b/shadow_test/traces.jsonl","7","0","0.0","0.0","1.0","0.0","0.0","fast_candidate","0","0","0","0.6653132140636444","0.0","0.0","0.6653132140636444","0.0","0.0","0.0","0","0"
"arfa-llama3.1:8b-8k","shadow_test","intercode-nl2bash-fs2-009","False","9","24477","results/phase1_5_shadow/full/llama3.1-8b/shadow_test/traces.jsonl","8","1","0.7083333333333335","0.75","1.0","0.0","0.0","reason","1","0","0","0.796571359038353","0.0","0.7083333333333335","0.796571359038353","0.7083333333333335","0.75","0.7083333333333335","1","1"
"arfa-llama3.1:8b-8k","shadow_test","intercode-nl2bash-fs2-011","False","3","3229","results/phase1_5_shadow/full/llama3.1-8b/shadow_test/traces.jsonl","1","0","0.0","0.0","1.0","0.0","1.0","reason","0","0","0","0.6750122010707855","1.0","0.0","1.0","1.0","0.0","1.0","0","0"
"arfa-llama3.1:8b-8k","shadow_test","intercode-nl2bash-fs2-011","False","3","3229","results/phase1_5_shadow/full/llama3.1-8b/shadow_test/traces.jsonl","2","0","0.33333333333333337","0.0","0.9833333333333334","1.0","1.0","reason","0","0","1","0.8872684463858604","1.0","0.33333333333333337","1.0","1.0","1.0","1.0","0","1"
"arfa-llama3.1:8b-8k","shadow_test","intercode-nl2bash-fs2-012","False","8","16909","results/phase1_5_shadow/full/llama3.1-8b/shadow_test/traces.jsonl","1","0","0.26666666666666666","0.0","0.8888888888888888","0.0","1.0","reason","0","0","1","0.9456707462668419","1.0","0.26666666666666666","1.0","1.0","0.0","1.0","","0"
"arfa-llama3.1:8b-8k","shadow_test","intercode-nl2bash-fs2-012","False","8","16909","results/phase1_5_shadow/full/llama3.1-8b/shadow_test/traces.jsonl","2","2","0.8000000000000002","1.0","0.8888888888888888","0.0","0.0","reason","1","0","1","0.8553312122821808","0.0","0.8000000000000002","0.8553312122821808","0.8000000000000002","1.0","0.8000000000000002","","1"
"arfa-llama3.1:8b-8k","shadow_test","intercode-nl2bash-fs2-012","False","8","16909","results/phase1_5_shadow/full/llama3.1-8b/shadow_test/traces.jsonl","3","0","0.0","0.0","0.8888888888888888","0.0","0.0","fast_candidate","0","0","0","0.842665046453476","0.0","0.0","0.842665046453476","0.0","0.0","0.0","","0"
"arfa-llama3.1:8b-8k","shadow_test","intercode-nl2bash-fs2-012","False","8","16909","results/phase1_5_shadow/full/llama3.1-8b/shadow_test/traces.jsonl","4","0","0.0","0.0","1.0","0.0","0.0","fast_candidate","0","0","0","0.7773357331752777","0.0","0.0","0.7773357331752777","0.0","0.0","0.0","0","0"
"arfa-llama3.1:8b-8k","shadow_test","intercode-nl2bash-fs2-012","False","8","16909","results/phase1_5_shadow/full/llama3.1-8b/shadow_test/traces.jsonl","5","2","0.8000000000000002","1.0","0.8888888888888888","0.0","0.0","reason","1","0","1","0.7991712093353271","0.0","0.8000000000000002","0.7991712093353271","0.8000000000000002","1.0","0.8000000000000002","","1"
"arfa-llama3.1:8b-8k","shadow_test","intercode-nl2bash-fs2-012","False","8","16909","results/phase1_5_shadow/full/llama3.1-8b/shadow_test/traces.jsonl","6","0","0.0","0.0","0.8888888888888888","0.0","0.0","fast_candidate","0","0","0","0.842665046453476","0.0","0.0","0.842665046453476","0.0","0.0","0.0","","0"
"arfa-llama3.1:8b-8k","shadow_test","intercode-nl2bash-fs2-012","False","8","16909","results/phase1_5_shadow/full/llama3.1-8b/shadow_test/traces.jsonl","7","0","0.0","0.0","1.0","0.0","0.0","fast_candidate","0","0","0","0.7773357331752777","0.0","0.0","0.7773357331752777","0.0","0.0","0.0","0","0"
"arfa-llama3.1:8b-8k","shadow_test","intercode-nl2bash-fs2-019","False","6","10586","results/phase1_5_shadow/full/llama3.1-8b/shadow_test/traces.jsonl","1","0","0.0","0.0","0.8888888888888888","0.0","1.0","reason","0","0","0","0.832438126206398","1.0","0.0","1.0","1.0","0.0","1.0","","0"
"arfa-llama3.1:8b-8k","shadow_test","intercode-nl2bash-fs2-019","False","6","10586","results/phase1_5_shadow/full/llama3.1-8b/shadow_test/traces.jsonl","2","0","0.0","0.0","1.0","0.0","0.0","fast_candidate","0","0","0","0.5758423209190369","0.0","0.0","0.5758423209190369","0.0","0.0","0.0","0","0"
"arfa-llama3.1:8b-8k","shadow_test","intercode-nl2bash-fs2-019","False","6","10586","results/phase1_5_shadow/full/llama3.1-8b/shadow_test/traces.jsonl","3","0","0.0","0.0","1.0","0.0","0.0","fast_candidate","0","0","0","0.47947049140930176","0.0","0.0","0.47947049140930176","0.0","0.0","0.0","0","0"
"arfa-llama3.1:8b-8k","shadow_test","intercode-nl2bash-fs2-019","False","6","10586","results/phase1_5_shadow/full/llama3.1-8b/shadow_test/traces.jsonl","4","1","0.8750000000000001","0.75","1.0","0.0","0.0","reason","1","0","1","0.6516808569431305","0.0","0.8750000000000001","0.6516808569431305","0.8750000000000001","0.75","0.8750000000000001","1","1"
"arfa-llama3.1:8b-8k","shadow_test","intercode-nl2bash-fs2-019","False","6","10586","results/phase1_5_shadow/full/llama3.1-8b/shadow_test/traces.jsonl","5","0","0.33333333333333337","0.0","1.0","0.0","0.0","fast_candidate","0","0","1","0.8076401352882385","0.0","0.33333333333333337","0.8076401352882385","0.33333333333333337","0.0","0.33333333333333337","0","1"
"arfa-llama3.1:8b-8k","shadow_test","intercode-nl2bash-fs2-020","True","4","5107","results/phase1_5_shadow/full/llama3.1-8b/shadow_test/traces.jsonl","1","0","0.0","0.0","0.8888888888888888","0.0","0.0","fast_candidate","0","0","0","0.8635304123163223","0.0","0.0","0.8635304123163223","0.0","0.0","0.0","","0"
"arfa-llama3.1:8b-8k","shadow_test","intercode-nl2bash-fs2-020","True","4","5107","results/phase1_5_shadow/full/llama3.1-8b/shadow_test/traces.jsonl","2","0","0.33333333333333337","0.0","1.0","0.0","1.0","reason","0","0","1","0.9260589778423309","1.0","0.33333333333333337","1.0","1.0","0.0","1.0","0","1"
"arfa-llama3.1:8b-8k","shadow_test","intercode-nl2bash-fs2-020","True","4","5107","results/phase1_5_shadow/full/llama3.1-8b/shadow_test/traces.jsonl","3","0","0.16666666666666669","0.0","1.0","0.0","0.0","fast_candidate","0","0","1","0.7997006475925446","0.0","0.16666666666666669","0.7997006475925446","0.16666666666666669","0.0","0.16666666666666669","0","0"
"arfa-llama3.1:8b-8k","shadow_test","intercode-nl2bash-fs2-021","True","5","6929","results/phase1_5_shadow/full/llama3.1-8b/shadow_test/traces.jsonl","1","0","0.0","0.0","0.8777777777777778","0.0","0.0","fast_candidate","0","0","0","0.8881525844335556","0.0","0.0","0.8881525844335556","0.0","0.0","0.0","","0"
"arfa-llama3.1:8b-8k","shadow_test","intercode-nl2bash-fs2-021","True","5","6929","results/phase1_5_shadow/full/llama3.1-8b/shadow_test/traces.jsonl","2","0","0.16666666666666669","0.0","0.9722222222222222","0.0","0.0","fast_candidate","0","0","0","0.589673638343811","0.0","0.16666666666666669","0.589673638343811","0.16666666666666669","0.0","0.16666666666666669","0","1"
"arfa-llama3.1:8b-8k","shadow_test","intercode-nl2bash-fs2-021","True","5","6929","results/phase1_5_shadow/full/llama3.1-8b/shadow_test/traces.jsonl","3","0","0.0","0.0","0.8722222222222222","0.0","0.0","fast_candidate","0","0","0","0.8219839185476303","0.0","0.0","0.8219839185476303","0.0","0.0","0.0","0","0"
"arfa-llama3.1:8b-8k","shadow_test","intercode-nl2bash-fs2-021","True","5","6929","results/phase1_5_shadow/full/llama3.1-8b/shadow_test/traces.jsonl","4","0","0.0","0.0","0.9722222222222222","0.0","1.0","reason","0","0","0","0.8604597747325897","1.0","0.0","1.0","1.0","0.0","1.0","0","0"
"arfa-llama3.1:8b-8k","shadow_test","intercode-nl2bash-fs2-025","False","10","27132","results/phase1_5_shadow/full/llama3.1-8b/shadow_test/traces.jsonl","1","123","0.26666666666666666","0.75","0.8888888888888888","0.0","1.0","reason","1","0","0","0.7396738827228546","1.0","0.26666666666666666","1.0","1.0","0.75","1.0","","0"
"arfa-llama3.1:8b-8k","shadow_test","intercode-nl2bash-fs2-025","False","10","27132","results/phase1_5_shadow/full/llama3.1-8b/shadow_test/traces.jsonl","2","0","0.16666666666666669","0.0","1.0","0.0","0.0","fast_candidate","0","0","1","0.9545108899474144","0.0","0.16666666666666669","0.9545108899474144","0.16666666666666669","0.0","0.16666666666666669","0","0"
"arfa-llama3.1:8b-8k","shadow_test","intercode-nl2bash-fs2-025","False","10","27132","results/phase1_5_shadow/full/llama3.1-8b/shadow_test/traces.jsonl","3","0","0.33333333333333337","0.0","1.0","0.0","0.0","fast_candidate","0","0","1","0.8140930533409119","0.0","0.33333333333333337","0.8140930533409119","0.33333333333333337","0.0","0.33333333333333337","0","1"
"arfa-llama3.1:8b-8k","shadow_test","intercode-nl2bash-fs2-025","False","10","27132","results/phase1_5_shadow/full/llama3.1-8b/shadow_test/traces.jsonl","4","2","0.8000000000000002","1.0","0.8888888888888888","0.0","0.0","reason","1","0","1","0.9935806412249804","0.0","0.8000000000000002","0.9935806412249804","0.8000000000000002","1.0","0.8000000000000002","","1"
"arfa-llama3.1:8b-8k","shadow_test","intercode-nl2bash-fs2-025","False","10","27132","results/phase1_5_shadow/full/llama3.1-8b/shadow_test/traces.jsonl","5","123","0.5416666666666667","0.75","1.0","0.0","0.0","reason","1","0","0","0.7396738827228546","0.0","0.5416666666666667","0.7396738827228546","0.5416666666666667","0.75","0.5416666666666667","1","0"
"arfa-llama3.1:8b-8k","shadow_test","intercode-nl2bash-fs2-025","False","10","27132","results/phase1_5_shadow/full/llama3.1-8b/shadow_test/traces.jsonl","6","0","0.16666666666666669","0.0","1.0","0.0","0.0","fast_candidate","0","0","1","0.9545108899474144","0.0","0.16666666666666669","0.9545108899474144","0.16666666666666669","0.0","0.16666666666666669","0","0"
"arfa-llama3.1:8b-8k","shadow_test","intercode-nl2bash-fs2-025","False","10","27132","results/phase1_5_shadow/full/llama3.1-8b/shadow_test/traces.jsonl","7","0","0.33333333333333337","0.0","1.0","0.0","0.0","fast_candidate","0","0","1","0.8140930533409119","0.0","0.33333333333333337","0.8140930533409119","0.33333333333333337","0.0","0.33333333333333337","0","1"
"arfa-llama3.1:8b-8k","shadow_test","intercode-nl2bash-fs2-025","False","10","27132","results/phase1_5_shadow/full/llama3.1-8b/shadow_test/traces.jsonl","8","2","0.8000000000000002","1.0","0.8888888888888888","0.0","0.0","reason","1","0","1","0.9935806412249804","0.0","0.8000000000000002","0.9935806412249804","0.8000000000000002","1.0","0.8000000000000002","","1"
"arfa-llama3.1:8b-8k","shadow_test","intercode-nl2bash-fs2-025","False","10","27132","results/phase1_5_shadow/full/llama3.1-8b/shadow_test/traces.jsonl","9","123","0.5416666666666667","0.75","1.0","0.0","0.0","reason","1","0","0","0.7396738827228546","0.0","0.5416666666666667","0.7396738827228546","0.5416666666666667","0.75","0.5416666666666667","1","0"
"arfa-llama3.1:8b-8k","shadow_test","intercode-nl2bash-fs2-033","False","7","13176","results/phase1_5_shadow/full/llama3.1-8b/shadow_test/traces.jsonl","1","1","0.5416666666666667","1.0","1.0","1.0","1.0","reason","1","0","0","0.6059382259845734","1.0","0.5416666666666667","1.0","1.0","1.0","1.0","1","0"
"arfa-llama3.1:8b-8k","shadow_test","intercode-nl2bash-fs2-033","False","7","13176","results/phase1_5_shadow/full/llama3.1-8b/shadow_test/traces.jsonl","2","2","0.5416666666666667","1.0","1.0","0.0","1.0","reason","1","0","0","0.6238847970962524","1.0","0.5416666666666667","1.0","1.0","1.0","1.0","1","0"
"arfa-llama3.1:8b-8k","shadow_test","intercode-nl2bash-fs2-033","False","7","13176","results/phase1_5_shadow/full/llama3.1-8b/shadow_test/traces.jsonl","3","2","0.5416666666666667","1.0","1.0","0.0","1.0","reason","1","0","0","0.6238847970962524","1.0","0.5416666666666667","1.0","1.0","1.0","1.0","1","0"
"arfa-llama3.1:8b-8k","shadow_test","intercode-nl2bash-fs2-033","False","7","13176","results/phase1_5_shadow/full/llama3.1-8b/shadow_test/traces.jsonl","4","1","0.375","0.55","1.0","0.0","0.0","reason","0","0","0","0.8496446013450623","0.0","0.375","0.8496446013450623","0.375","0.55","0.375","1","0"
"arfa-llama3.1:8b-8k","shadow_test","intercode-nl2bash-fs2-033","False","7","13176","results/phase1_5_shadow/full/llama3.1-8b/shadow_test/traces.jsonl","5","1","0.5416666666666667","1.0","1.0","1.0","1.0","reason","1","0","0","0.5248459577560425","1.0","0.5416666666666667","1.0","1.0","1.0","1.0","1","0"
"arfa-llama3.1:8b-8k","shadow_test","intercode-nl2bash-fs2-033","False","7","13176","results/phase1_5_shadow/full/llama3.1-8b/shadow_test/traces.jsonl","6","1","0.5416666666666667","1.0","1.0","1.0","1.0","reason","1","0","0","0.6059382259845734","1.0","0.5416666666666667","1.0","1.0","1.0","1.0","1","0"
"arfa-llama3.1:8b-8k","shadow_test","intercode-nl2bash-fs2-040","False","7","12262","results/phase1_5_shadow/full/llama3.1-8b/shadow_test/traces.jsonl","1","1","0.0","1.0","0.6555555555555556","0.0","1.0","reason","","0","0","0.28194761276245117","1.0","0.0","1.0","1.0","1.0","1.0","",""
"arfa-llama3.1:8b-8k","shadow_test","intercode-nl2bash-fs2-040","False","7","12262","results/phase1_5_shadow/full/llama3.1-8b/shadow_test/traces.jsonl","2","0","0.0","0.0","0.8166666666666668","0.0","0.0","fast_candidate","0","0","0","0.9299449697136879","0.0","0.0","0.9299449697136879","0.0","0.0","0.0","0",""
"arfa-llama3.1:8b-8k","shadow_test","intercode-nl2bash-fs2-040","False","7","12262","results/phase1_5_shadow/full/llama3.1-8b/shadow_test/traces.jsonl","3","1","0.65","1.0","0.8777777777777778","0.0","0.0","reason","1","0","0","0.28194761276245117","0.0","0.65","0.28194761276245117","0.65","1.0","0.65","1",""
"arfa-llama3.1:8b-8k","shadow_test","intercode-nl2bash-fs2-040","False","7","12262","results/phase1_5_shadow/full/llama3.1-8b/shadow_test/traces.jsonl","4","0","0.0","0.0","0.8166666666666668","0.0","0.0","fast_candidate","0","0","0","0.9299449697136879","0.0","0.0","0.9299449697136879","0.0","0.0","0.0","0",""
"arfa-llama3.1:8b-8k","shadow_test","intercode-nl2bash-fs2-040","False","7","12262","results/phase1_5_shadow/full/llama3.1-8b/shadow_test/traces.jsonl","5","0","0.0","0.0","0.8777777777777778","0.0","0.0","fast_candidate","0","0","0","0.9065380319952965","0.0","0.0","0.9065380319952965","0.0","0.0","0.0","0",""
"arfa-llama3.1:8b-8k","shadow_test","intercode-nl2bash-fs2-040","False","7","12262","results/phase1_5_shadow/full/llama3.1-8b/shadow_test/traces.jsonl","6","0","0.0","0.0","0.8888888888888888","0.0","0.0","fast_candidate","0","0","0","0.500420331954956","0.0","0.0","0.500420331954956","0.0","0.0","0.0","0",""
"arfa-llama3.1:8b-8k","shadow_test","intercode-nl2bash-fs2-045","False","12","38857","results/phase1_5_shadow/full/llama3.1-8b/shadow_test/traces.jsonl","1","1","0.5416666666666667","0.75","0.9722222222222222","0.0","1.0","reason","1","0","0","0.741781622171402","1.0","0.5416666666666667","1.0","1.0","0.75","1.0","1","0"
"arfa-llama3.1:8b-8k","shadow_test","intercode-nl2bash-fs2-045","False","12","38857","results/phase1_5_shadow/full/llama3.1-8b/shadow_test/traces.jsonl","2","1","0.5416666666666667","0.75","1.0","0.0","1.0","reason","1","0","0","0.5989857316017151","1.0","0.5416666666666667","1.0","1.0","0.75","1.0","1","0"
"arfa-llama3.1:8b-8k","shadow_test","intercode-nl2bash-fs2-045","False","12","38857","results/phase1_5_shadow/full/llama3.1-8b/shadow_test/traces.jsonl","3","123","0.6666666666666667","1.0","1.0","0.0","1.0","reason","1","1","0","0.5099027752876282","1.0","0.6666666666666667","1.0","1.0","1.0","1.0","1","0"
"arfa-llama3.1:8b-8k","shadow_test","intercode-nl2bash-fs2-045","False","12","38857","results/phase1_5_shadow/full/llama3.1-8b/shadow_test/traces.jsonl","4","2","0.6666666666666667","1.0","1.0","0.0","0.0","reason","1","1","0","0.8901727348566055","0.0","0.6666666666666667","0.8901727348566055","0.6666666666666667","1.0","0.6666666666666667","1","0"
"arfa-llama3.1:8b-8k","shadow_test","intercode-nl2bash-fs2-045","False","12","38857","results/phase1_5_shadow/full/llama3.1-8b/shadow_test/traces.jsonl","5","123","0.6666666666666667","1.0","1.0","0.0","0.0","reason","1","1","0","0.5099027752876282","0.0","0.6666666666666667","0.5099027752876282","0.6666666666666667","1.0","0.6666666666666667","1","0"
"arfa-llama3.1:8b-8k","shadow_test","intercode-nl2bash-fs2-045","False","12","38857","results/phase1_5_shadow/full/llama3.1-8b/shadow_test/traces.jsonl","6","123","0.5416666666666667","0.75","1.0","0.0","0.0","reason","1","0","0","0.8900590986013412","0.0","0.5416666666666667","0.8900590986013412","0.5416666666666667","0.75","0.5416666666666667","1","0"
"arfa-llama3.1:8b-8k","shadow_test","intercode-nl2bash-fs2-045","False","12","38857","results/phase1_5_shadow/full/llama3.1-8b/shadow_test/traces.jsonl","7","123","0.375","0.55","1.0","0.0","0.0","reason","0","0","0","0.8037645369768143","0.0","0.375","0.8037645369768143","0.375","0.55","0.375","1","0"
"arfa-llama3.1:8b-8k","shadow_test","intercode-nl2bash-fs2-045","False","12","38857","results/phase1_5_shadow/full/llama3.1-8b/shadow_test/traces.jsonl","8","2","0.6666666666666667","1.0","1.0","0.0","0.0","reason","1","1","0","0.587533175945282","0.0","0.6666666666666667","0.587533175945282","0.6666666666666667","1.0","0.6666666666666667","1","0"
"arfa-llama3.1:8b-8k","shadow_test","intercode-nl2bash-fs2-045","False","12","38857","results/phase1_5_shadow/full/llama3.1-8b/shadow_test/traces.jsonl","9","2","0.6666666666666667","1.0","1.0","0.0","0.0","reason","1","1","0","0.587533175945282","0.0","0.6666666666666667","0.587533175945282","0.6666666666666667","1.0","0.6666666666666667","1","0"
"arfa-llama3.1:8b-8k","shadow_test","intercode-nl2bash-fs2-045","False","12","38857","results/phase1_5_shadow/full/llama3.1-8b/shadow_test/traces.jsonl","10","123","0.6666666666666667","1.0","1.0","0.0","0.0","reason","1","1","0","0.5099027752876282","0.0","0.6666666666666667","0.5099027752876282","0.6666666666666667","1.0","0.6666666666666667","1","0"
"arfa-llama3.1:8b-8k","shadow_test","intercode-nl2bash-fs2-045","False","12","38857","results/phase1_5_shadow/full/llama3.1-8b/shadow_test/traces.jsonl","11","2","0.6666666666666667","1.0","1.0","0.0","0.0","reason","1","1","0","0.5920638144016266","0.0","0.6666666666666667","0.5920638144016266","0.6666666666666667","1.0","0.6666666666666667","1","0"
"arfa-llama3.1:8b-8k","shadow_test","intercode-nl2bash-fs2-045","False","12","38857","results/phase1_5_shadow/full/llama3.1-8b/shadow_test/traces.jsonl","12","123","0.6666666666666667","1.0","1.0","0.0","0.0","reason","1","1","0","0.5099027752876282","0.0","0.6666666666666667","0.5099027752876282","0.6666666666666667","1.0","0.6666666666666667","1","0"
"arfa-llama3.1:8b-8k","shadow_test","intercode-nl2bash-fs2-047","False","2","1748","results/phase1_5_shadow/full/llama3.1-8b/shadow_test/traces.jsonl","1","0","0.0","0.0","1.0","0.0","0.0","fast_candidate","0","0","0","0.7783363312482834","0.0","0.0","0.7783363312482834","0.0","0.0","0.0","0","0"
"arfa-llama3.1:8b-8k","shadow_test","intercode-nl2bash-fs2-050","True","4","5235","results/phase1_5_shadow/full/llama3.1-8b/shadow_test/traces.jsonl","1","0","0.0","0.0","0.8888888888888888","0.0","0.0","fast_candidate","0","0","0","0.36974620819091797","0.0","0.0","0.36974620819091797","0.0","0.0","0.0","","0"
"arfa-llama3.1:8b-8k","shadow_test","intercode-nl2bash-fs2-050","True","4","5235","results/phase1_5_shadow/full/llama3.1-8b/shadow_test/traces.jsonl","2","0","0.0","0.0","0.8888888888888888","0.0","0.0","fast_candidate","0","0","0","0.36974620819091797","0.0","0.0","0.36974620819091797","0.0","0.0","0.0","","0"
"arfa-llama3.1:8b-8k","shadow_test","intercode-nl2bash-fs2-050","True","4","5235","results/phase1_5_shadow/full/llama3.1-8b/shadow_test/traces.jsonl","3","0","0.5333333333333333","0.0","0.8888888888888888","0.0","1.0","reason","0","0","1","0.4640636444091797","1.0","0.5333333333333333","1.0","1.0","0.0","1.0","","1"
"arfa-llama3.1:8b-8k","shadow_test","intercode-nl2bash-fs3-009","True","5","6652","results/phase1_5_shadow/full/llama3.1-8b/shadow_test/traces.jsonl","1","0","0.0","0.0","0.8944444444444445","0.0","0.0","fast_candidate","0","0","0","0.7613458633422852","0.0","0.0","0.7613458633422852","0.0","0.0","0.0","0","0"
"arfa-llama3.1:8b-8k","shadow_test","intercode-nl2bash-fs3-009","True","5","6652","results/phase1_5_shadow/full/llama3.1-8b/shadow_test/traces.jsonl","2","0","0.0","0.0","1.0","0.0","1.0","reason","0","0","0","0.6295647025108337","1.0","0.0","1.0","1.0","0.0","1.0","0","0"
"arfa-llama3.1:8b-8k","shadow_test","intercode-nl2bash-fs3-009","True","5","6652","results/phase1_5_shadow/full/llama3.1-8b/shadow_test/traces.jsonl","3","0","0.0","0.0","1.0","0.0","1.0","reason","0","0","0","0.6184789538383484","1.0","0.0","1.0","1.0","0.0","1.0","0","0"
"arfa-llama3.1:8b-8k","shadow_test","intercode-nl2bash-fs3-009","True","5","6652","results/phase1_5_shadow/full/llama3.1-8b/shadow_test/traces.jsonl","4","0","0.0","0.0","1.0","0.0","1.0","reason","0","0","0","0.5866618752479553","1.0","0.0","1.0","1.0","0.0","1.0","0","0"
"arfa-llama3.1:8b-8k","shadow_test","intercode-nl2bash-fs3-012","False","7","13878","results/phase1_5_shadow/full/llama3.1-8b/shadow_test/traces.jsonl","1","1","0.26666666666666666","0.75","0.75","0.0","1.0","reason","1","0","0","0.9097210615873337","1.0","0.26666666666666666","1.0","1.0","0.75","1.0","","0"
"arfa-llama3.1:8b-8k","shadow_test","intercode-nl2bash-fs3-012","False","7","13878","results/phase1_5_shadow/full/llama3.1-8b/shadow_test/traces.jsonl","2","1","0.7083333333333335","0.75","1.0","0.0","1.0","reason","1","0","0","0.6057080030441284","1.0","0.7083333333333335","1.0","1.0","0.75","1.0","1","1"
"arfa-llama3.1:8b-8k","shadow_test","intercode-nl2bash-fs3-012","False","7","13878","results/phase1_5_shadow/full/llama3.1-8b/shadow_test/traces.jsonl","3","2","0.7083333333333335","1.0","1.0","0.0","1.0","reason","1","0","0","0.5335387587547302","1.0","0.7083333333333335","1.0","1.0","1.0","1.0","1","1"
"arfa-llama3.1:8b-8k","shadow_test","intercode-nl2bash-fs3-012","False","7","13878","results/phase1_5_shadow/full/llama3.1-8b/shadow_test/traces.jsonl","4","0","0.33333333333333337","0.45","1.0","0.0","1.0","reason","1","0","0","0.4524664282798767","1.0","0.33333333333333337","1.0","1.0","0.45","1.0","0","1"
"arfa-llama3.1:8b-8k","shadow_test","intercode-nl2bash-fs3-012","False","7","13878","results/phase1_5_shadow/full/llama3.1-8b/shadow_test/traces.jsonl","5","0","0.0","0.0","0.9555555555555556","0.0","0.0","fast_candidate","0","0","0","0.9637559093534946","0.0","0.0","0.9637559093534946","0.0","0.0","0.0","0","0"
"arfa-llama3.1:8b-8k","shadow_test","intercode-nl2bash-fs3-012","False","7","13878","results/phase1_5_shadow/full/llama3.1-8b/shadow_test/traces.jsonl","6","0","0.0","0.0","1.0","0.0","0.0","fast_candidate","0","0","0","0.8894363418221474","0.0","0.0","0.8894363418221474","0.0","0.0","0.0","0","0"
"arfa-llama3.1:8b-8k","shadow_test","intercode-nl2bash-fs3-018","True","5","7360","results/phase1_5_shadow/full/llama3.1-8b/shadow_test/traces.jsonl","1","0","0.5333333333333333","0.0","0.8722222222222222","0.0","0.0","reason","0","0","1","0.6065912842750549","0.0","0.5333333333333333","0.6065912842750549","0.5333333333333333","0.0","0.5333333333333333","","1"
"arfa-llama3.1:8b-8k","shadow_test","intercode-nl2bash-fs3-018","True","5","7360","results/phase1_5_shadow/full/llama3.1-8b/shadow_test/traces.jsonl","2","2","0.5333333333333333","1.0","0.8111111111111112","0.0","0.0","reason","1","0","0","0.745148628950119","0.0","0.5333333333333333","0.745148628950119","0.5333333333333333","1.0","0.5333333333333333","","1"
"arfa-llama3.1:8b-8k","shadow_test","intercode-nl2bash-fs3-018","True","5","7360","results/phase1_5_shadow/full/llama3.1-8b/shadow_test/traces.jsonl","3","2","0.8000000000000002","1.0","0.8888888888888888","0.0","0.0","reason","1","0","1","0.6426184773445129","0.0","0.8000000000000002","0.6426184773445129","0.8000000000000002","1.0","0.8000000000000002","","1"
"arfa-llama3.1:8b-8k","shadow_test","intercode-nl2bash-fs3-018","True","5","7360","results/phase1_5_shadow/full/llama3.1-8b/shadow_test/traces.jsonl","4","0","0.0","0.0","0.9833333333333334","0.0","0.0","fast_candidate","0","0","0","0.37576043605804443","0.0","0.0","0.37576043605804443","0.0","0.0","0.0","0","0"
"arfa-llama3.1:8b-8k","shadow_test","intercode-nl2bash-fs3-019","False","10","19715","results/phase1_5_shadow/full/llama3.1-8b/shadow_test/traces.jsonl","1","0","0.0","0.0","0.8055555555555555","0.0","0.0","fast_candidate","0","0","0","0.9006081447005272","0.0","0.0","0.9006081447005272","0.0","0.0","0.0","","0"
"arfa-llama3.1:8b-8k","shadow_test","intercode-nl2bash-fs3-019","False","10","19715","results/phase1_5_shadow/full/llama3.1-8b/shadow_test/traces.jsonl","2","0","0.0","0.0","1.0","0.0","1.0","reason","0","0","0","0.8533365726470947","1.0","0.0","1.0","1.0","0.0","1.0","0","0"
"arfa-llama3.1:8b-8k","shadow_test","intercode-nl2bash-fs3-019","False","10","19715","results/phase1_5_shadow/full/llama3.1-8b/shadow_test/traces.jsonl","3","0","0.16666666666666669","0.0","0.7888888888888889","0.0","0.0","fast_candidate","0","0","0","0.6528615057468414","0.0","0.16666666666666669","0.6528615057468414","0.16666666666666669","0.0","0.16666666666666669","0","1"
"arfa-llama3.1:8b-8k","shadow_test","intercode-nl2bash-fs3-019","False","10","19715","results/phase1_5_shadow/full/llama3.1-8b/shadow_test/traces.jsonl","4","0","0.0","0.0","1.0","0.0","1.0","reason","0","0","0","0.7159833908081055","1.0","0.0","1.0","1.0","0.0","1.0","0","0"
"arfa-llama3.1:8b-8k","shadow_test","intercode-nl2bash-fs3-019","False","10","19715","results/phase1_5_shadow/full/llama3.1-8b/shadow_test/traces.jsonl","5","0","0.0","0.0","1.0","0.0","0.0","fast_candidate","0","0","0","0.8429640233516693","0.0","0.0","0.8429640233516693","0.0","0.0","0.0","0","0"
"arfa-llama3.1:8b-8k","shadow_test","intercode-nl2bash-fs3-019","False","10","19715","results/phase1_5_shadow/full/llama3.1-8b/shadow_test/traces.jsonl","6","0","0.0","0.0","0.9444444444444445","0.0","0.0","fast_candidate","0","0","0","0.4912726879119873","0.0","0.0","0.4912726879119873","0.0","0.0","0.0","0","0"
"arfa-llama3.1:8b-8k","shadow_test","intercode-nl2bash-fs3-019","False","10","19715","results/phase1_5_shadow/full/llama3.1-8b/shadow_test/traces.jsonl","7","0","0.0","0.0","1.0","0.0","1.0","reason","0","0","0","0.7159833908081055","1.0","0.0","1.0","1.0","0.0","1.0","0","0"
"arfa-llama3.1:8b-8k","shadow_test","intercode-nl2bash-fs3-019","False","10","19715","results/phase1_5_shadow/full/llama3.1-8b/shadow_test/traces.jsonl","8","0","0.33333333333333337","0.0","0.9166666666666666","0.0","1.0","reason","0","0","1","0.9768368750810623","1.0","0.33333333333333337","1.0","1.0","0.0","1.0","0","1"
"arfa-llama3.1:8b-8k","shadow_test","intercode-nl2bash-fs3-019","False","10","19715","results/phase1_5_shadow/full/llama3.1-8b/shadow_test/traces.jsonl","9","0","0.0","0.0","1.0","0.0","1.0","reason","0","0","0","0.8533365726470947","1.0","0.0","1.0","1.0","0.0","1.0","0","0"
"arfa-llama3.1:8b-8k","shadow_test","intercode-nl2bash-fs3-034","False","2","1867","results/phase1_5_shadow/full/llama3.1-8b/shadow_test/traces.jsonl","1","0","0.0","0.0","0.8888888888888888","0.0","0.0","fast_candidate","0","0","0","0.7312173545360565","0.0","0.0","0.7312173545360565","0.0","0.0","0.0","","0"
"arfa-llama3.1:8b-8k","shadow_test","intercode-nl2bash-fs3-037","False","2","1744","results/phase1_5_shadow/full/llama3.1-8b/shadow_test/traces.jsonl","1","0","0.0","0.0","0.9888888888888889","0.0","0.0","fast_candidate","0","0","0","0.9258188530802727","0.0","0.0","0.9258188530802727","0.0","0.0","0.0","0","0"
"arfa-llama3.1:8b-8k","shadow_test","intercode-nl2bash-fs3-038","False","8","18634","results/phase1_5_shadow/full/llama3.1-8b/shadow_test/traces.jsonl","1","0","0.0","0.0","1.0","0.0","0.0","fast_candidate","0","0","0","0.8463711589574814","0.0","0.0","0.8463711589574814","0.0","0.0","0.0","0","0"
"arfa-llama3.1:8b-8k","shadow_test","intercode-nl2bash-fs3-038","False","8","18634","results/phase1_5_shadow/full/llama3.1-8b/shadow_test/traces.jsonl","2","123","0.8750000000000001","1.0","0.6666666666666666","0.0","1.0","reason","1","0","1","0.6889471113681793","1.0","0.8750000000000001","1.0","1.0","1.0","1.0","1","1"
"arfa-llama3.1:8b-8k","shadow_test","intercode-nl2bash-fs3-038","False","8","18634","results/phase1_5_shadow/full/llama3.1-8b/shadow_test/traces.jsonl","3","123","0.8750000000000001","1.0","0.6666666666666666","0.0","1.0","reason","1","0","1","0.7341950833797455","1.0","0.8750000000000001","1.0","1.0","1.0","1.0","1","1"
"arfa-llama3.1:8b-8k","shadow_test","intercode-nl2bash-fs3-038","False","8","18634","results/phase1_5_shadow/full/llama3.1-8b/shadow_test/traces.jsonl","4","2","0.0","1.0","0.3333333333333333","0.0","1.0","reason","","0","0","0.9392770677804947","1.0","0.0","1.0","1.0","1.0","1.0","",""
"arfa-llama3.1:8b-8k","shadow_test","intercode-nl2bash-fs3-038","False","8","18634","results/phase1_5_shadow/full/llama3.1-8b/shadow_test/traces.jsonl","5","0","0.0","0.0","0.9722222222222222","0.0","1.0","reason","0","0","0","0.7993399202823639","1.0","0.0","1.0","1.0","0.0","1.0","0","0"
"arfa-llama3.1:8b-8k","shadow_test","intercode-nl2bash-fs3-038","False","8","18634","results/phase1_5_shadow/full/llama3.1-8b/shadow_test/traces.jsonl","6","123","0.8750000000000001","1.0","0.6666666666666666","0.0","1.0","reason","1","0","1","0.696723222732544","1.0","0.8750000000000001","1.0","1.0","1.0","1.0","1","1"
"arfa-llama3.1:8b-8k","shadow_test","intercode-nl2bash-fs3-038","False","8","18634","results/phase1_5_shadow/full/llama3.1-8b/shadow_test/traces.jsonl","7","0","0.0","0.0","0.9722222222222222","0.0","1.0","reason","0","0","0","0.7993399202823639","1.0","0.0","1.0","1.0","0.0","1.0","0","0"
"arfa-llama3.1:8b-8k","shadow_test","intercode-nl2bash-fs3-039","False","2","1751","results/phase1_5_shadow/full/llama3.1-8b/shadow_test/traces.jsonl","1","0","0.0","0.0","0.7555555555555555","0.0","1.0","reason","0","0","0","0.8603635281324387","1.0","0.0","1.0","1.0","0.0","1.0","","0"
"arfa-llama3.1:8b-8k","shadow_test","intercode-nl2bash-fs3-053","False","6","9188","results/phase1_5_shadow/full/llama3.1-8b/shadow_test/traces.jsonl","1","1","0.0","1.0","0.6611111111111111","0.0","1.0","reason","","0","0","0.34897756576538086","1.0","0.0","1.0","1.0","1.0","1.0","",""
"arfa-llama3.1:8b-8k","shadow_test","intercode-nl2bash-fs3-053","False","6","9188","results/phase1_5_shadow/full/llama3.1-8b/shadow_test/traces.jsonl","2","0","0.0","0.0","0.7833333333333333","0.0","0.0","fast_candidate","0","0","0","0.8964109942317009","0.0","0.0","0.8964109942317009","0.0","0.0","0.0","0",""
"arfa-llama3.1:8b-8k","shadow_test","intercode-nl2bash-fs3-053","False","6","9188","results/phase1_5_shadow/full/llama3.1-8b/shadow_test/traces.jsonl","3","1","0.65","1.0","0.8833333333333333","0.0","0.0","reason","1","0","0","0.34897756576538086","0.0","0.65","0.34897756576538086","0.65","1.0","0.65","1",""
"arfa-llama3.1:8b-8k","shadow_test","intercode-nl2bash-fs3-053","False","6","9188","results/phase1_5_shadow/full/llama3.1-8b/shadow_test/traces.jsonl","4","0","0.0","0.0","0.8888888888888888","0.0","1.0","reason","0","0","0","0.6971323490142822","1.0","0.0","1.0","1.0","0.0","1.0","0",""
"arfa-llama3.1:8b-8k","shadow_test","intercode-nl2bash-fs3-053","False","6","9188","results/phase1_5_shadow/full/llama3.1-8b/shadow_test/traces.jsonl","5","0","0.0","0.0","0.8833333333333333","0.0","0.0","fast_candidate","0","0","0","0.8875378593802452","0.0","0.0","0.8875378593802452","0.0","0.0","0.0","0",""
"arfa-llama3.1:8b-8k","shadow_test","intercode-nl2bash-fs3-054","False","2","2104","results/phase1_5_shadow/full/llama3.1-8b/shadow_test/traces.jsonl","1","0","0.0","0.0","1.0","0.0","1.0","reason","0","0","0","0.7016855180263519","1.0","0.0","1.0","1.0","0.0","1.0","0","0"
"arfa-llama3.1:8b-8k","shadow_test","intercode-nl2bash-fs4-002","False","7","15500","results/phase1_5_shadow/full/llama3.1-8b/shadow_test/traces.jsonl","1","0","0.0","0.0","0.8888888888888888","0.0","1.0","reason","0","0","0","0.7264739274978638","1.0","0.0","1.0","1.0","0.0","1.0","","0"
"arfa-llama3.1:8b-8k","shadow_test","intercode-nl2bash-fs4-002","False","7","15500","results/phase1_5_shadow/full/llama3.1-8b/shadow_test/traces.jsonl","2","2","0.8750000000000001","1.0","1.0","0.0","0.0","reason","1","0","1","0.5553128123283386","0.0","0.8750000000000001","0.5553128123283386","0.8750000000000001","1.0","0.8750000000000001","1","1"
"arfa-llama3.1:8b-8k","shadow_test","intercode-nl2bash-fs4-002","False","7","15500","results/phase1_5_shadow/full/llama3.1-8b/shadow_test/traces.jsonl","3","1","0.7083333333333335","0.55","1.0","0.0","0.0","reason","0","0","1","0.8793972581624985","0.0","0.7083333333333335","0.8793972581624985","0.7083333333333335","0.55","0.7083333333333335","1","1"
"arfa-llama3.1:8b-8k","shadow_test","intercode-nl2bash-fs4-002","False","7","15500","results/phase1_5_shadow/full/llama3.1-8b/shadow_test/traces.jsonl","4","1","0.7083333333333335","0.55","1.0","0.0","0.0","reason","0","0","1","0.8074985444545746","0.0","0.7083333333333335","0.8074985444545746","0.7083333333333335","0.55","0.7083333333333335","1","1"
"arfa-llama3.1:8b-8k","shadow_test","intercode-nl2bash-fs4-002","False","7","15500","results/phase1_5_shadow/full/llama3.1-8b/shadow_test/traces.jsonl","5","2","0.7083333333333335","1.0","0.9444444444444445","0.0","1.0","reason","1","0","0","0.7974738329648972","1.0","0.7083333333333335","1.0","1.0","1.0","1.0","1","1"
"arfa-llama3.1:8b-8k","shadow_test","intercode-nl2bash-fs4-002","False","7","15500","results/phase1_5_shadow/full/llama3.1-8b/shadow_test/traces.jsonl","6","0","0.16666666666666669","0.0","0.9444444444444445","0.0","0.0","fast_candidate","0","0","0","0.7887836992740631","0.0","0.16666666666666669","0.7887836992740631","0.16666666666666669","0.0","0.16666666666666669","0","1"
"arfa-llama3.1:8b-8k","shadow_test","intercode-nl2bash-fs4-011","False","6","9561","results/phase1_5_shadow/full/llama3.1-8b/shadow_test/traces.jsonl","1","0","0.8000000000000002","0.45","0.8888888888888888","0.0","1.0","reason","1","0","1","0.8715538382530212","1.0","0.8000000000000002","1.0","1.0","0.45","1.0","","1"
"arfa-llama3.1:8b-8k","shadow_test","intercode-nl2bash-fs4-011","False","6","9561","results/phase1_5_shadow/full/llama3.1-8b/shadow_test/traces.jsonl","2","0","0.0","0.0","0.9388888888888888","0.0","0.0","fast_candidate","0","0","0","0.8995806947350502","0.0","0.0","0.8995806947350502","0.0","0.0","0.0","0","0"
"arfa-llama3.1:8b-8k","shadow_test","intercode-nl2bash-fs4-011","False","6","9561","results/phase1_5_shadow/full/llama3.1-8b/shadow_test/traces.jsonl","3","0","0.5333333333333333","0.0","0.8888888888888888","0.0","0.0","reason","0","0","1","1.0411021187901497","0.0","0.5333333333333333","1.0411021187901497","0.5333333333333333","0.0","0.5333333333333333","","1"
"arfa-llama3.1:8b-8k","shadow_test","intercode-nl2bash-fs4-011","False","6","9561","results/phase1_5_shadow/full/llama3.1-8b/shadow_test/traces.jsonl","4","2","0.8000000000000002","1.0","0.8888888888888888","0.0","1.0","reason","1","0","1","1.0730244666337967","1.0","0.8000000000000002","1.0730244666337967","1.0","1.0","1.0","","1"
"arfa-llama3.1:8b-8k","shadow_test","intercode-nl2bash-fs4-011","False","6","9561","results/phase1_5_shadow/full/llama3.1-8b/shadow_test/traces.jsonl","5","0","0.5333333333333333","0.0","0.8888888888888888","0.0","0.0","reason","0","0","1","1.0411021187901497","0.0","0.5333333333333333","1.0411021187901497","0.5333333333333333","0.0","0.5333333333333333","","1"
"arfa-llama3.1:8b-8k","shadow_test","intercode-nl2bash-fs4-017","False","2","2037","results/phase1_5_shadow/full/llama3.1-8b/shadow_test/traces.jsonl","1","0","0.0","0.0","0.8833333333333333","0.0","1.0","reason","0","0","0","0.6606091260910034","1.0","0.0","1.0","1.0","0.0","1.0","","0"
"arfa-llama3.1:8b-8k","shadow_test","intercode-nl2bash-fs4-021","False","4","5516","results/phase1_5_shadow/full/llama3.1-8b/shadow_test/traces.jsonl","1","127","0.65","1.0","0.7722222222222221","0.0","0.0","reason","1","0","0","1.0235186703503132","0.0","0.65","1.0235186703503132","0.65","1.0","0.65","1",""
"arfa-llama3.1:8b-8k","shadow_test","intercode-nl2bash-fs4-021","False","4","5516","results/phase1_5_shadow/full/llama3.1-8b/shadow_test/traces.jsonl","2","100","0.7083333333333335","0.75","0.8055555555555557","0.0","0.0","reason","1","0","0","0.8862972855567932","0.0","0.7083333333333335","0.8862972855567932","0.7083333333333335","0.75","0.7083333333333335","1","1"
"arfa-llama3.1:8b-8k","shadow_test","intercode-nl2bash-fs4-021","False","4","5516","results/phase1_5_shadow/full/llama3.1-8b/shadow_test/traces.jsonl","3","100","0.7083333333333335","0.75","0.8055555555555557","0.0","0.0","reason","1","0","0","0.8523889780044556","0.0","0.7083333333333335","0.8523889780044556","0.7083333333333335","0.75","0.7083333333333335","1","1"
"arfa-llama3.1:8b-8k","shadow_test","intercode-nl2bash-fs4-026","True","2","1782","results/phase1_5_shadow/full/llama3.1-8b/shadow_test/traces.jsonl","1","0","0.0","0.0","0.7777777777777777","0.0","0.0","fast_candidate","0","0","0","0.7755521535873413","0.0","0.0","0.7755521535873413","0.0","0.0","0.0","",""
"arfa-llama3.1:8b-8k","shadow_validation","intercode-nl2bash-fs1-033","True","2","1731","results/phase1_5_shadow/full/llama3.1-8b/shadow_validation/traces.jsonl","1","0","0.0","0.0","0.7666666666666666","0.0","1.0","reason","0","0","0","0.9059162139892578","1.0","0.0","1.0","1.0","0.0","1.0","",""
"arfa-llama3.1:8b-8k","shadow_validation","intercode-nl2bash-fs1-048","False","2","2045","results/phase1_5_shadow/full/llama3.1-8b/shadow_validation/traces.jsonl","1","0","0.0","0.0","1.0","0.0","1.0","reason","0","0","0","0.6499167680740356","1.0","0.0","1.0","1.0","0.0","1.0","0","0"
"arfa-llama3.1:8b-8k","shadow_validation","intercode-nl2bash-fs1-050","False","2","1978","results/phase1_5_shadow/full/llama3.1-8b/shadow_validation/traces.jsonl","1","0","0.0","0.0","0.8888888888888888","0.0","1.0","reason","0","0","0","0.9155331030488014","1.0","0.0","1.0","1.0","0.0","1.0","","0"
"arfa-llama3.1:8b-8k","shadow_validation","intercode-nl2bash-fs1-055","False","11","32609","results/phase1_5_shadow/full/llama3.1-8b/shadow_validation/traces.jsonl","1","0","0.8000000000000002","0.2","0.8888888888888888","0.0","1.0","reason","1","0","1","0.7025833427906036","1.0","0.8000000000000002","1.0","1.0","0.2","1.0","","1"
"arfa-llama3.1:8b-8k","shadow_validation","intercode-nl2bash-fs1-055","False","11","32609","results/phase1_5_shadow/full/llama3.1-8b/shadow_validation/traces.jsonl","2","2","0.7083333333333335","1.0","1.0","0.0","0.0","reason","1","0","1","0.6623006165027618","0.0","0.7083333333333335","0.6623006165027618","0.7083333333333335","1.0","0.7083333333333335","1","0"
"arfa-llama3.1:8b-8k","shadow_validation","intercode-nl2bash-fs1-055","False","11","32609","results/phase1_5_shadow/full/llama3.1-8b/shadow_validation/traces.jsonl","3","0","0.5000000000000001","0.2","1.0","0.0","0.0","reason","1","0","1","0.810144454240799","0.0","0.5000000000000001","0.810144454240799","0.5000000000000001","0.2","0.5000000000000001","0","1"
"arfa-llama3.1:8b-8k","shadow_validation","intercode-nl2bash-fs1-055","False","11","32609","results/phase1_5_shadow/full/llama3.1-8b/shadow_validation/traces.jsonl","4","0","0.5000000000000001","0.2","1.0","0.0","0.0","reason","1","0","1","0.810144454240799","0.0","0.5000000000000001","0.810144454240799","0.5000000000000001","0.2","0.5000000000000001","0","1"
"arfa-llama3.1:8b-8k","shadow_validation","intercode-nl2bash-fs1-055","False","11","32609","results/phase1_5_shadow/full/llama3.1-8b/shadow_validation/traces.jsonl","5","0","0.5000000000000001","0.2","1.0","0.0","0.0","reason","1","0","1","0.810144454240799","0.0","0.5000000000000001","0.810144454240799","0.5000000000000001","0.2","0.5000000000000001","0","1"
"arfa-llama3.1:8b-8k","shadow_validation","intercode-nl2bash-fs1-055","False","11","32609","results/phase1_5_shadow/full/llama3.1-8b/shadow_validation/traces.jsonl","6","0","0.5000000000000001","0.2","1.0","0.0","0.0","reason","1","0","1","0.810144454240799","0.0","0.5000000000000001","0.810144454240799","0.5000000000000001","0.2","0.5000000000000001","0","1"
"arfa-llama3.1:8b-8k","shadow_validation","intercode-nl2bash-fs1-055","False","11","32609","results/phase1_5_shadow/full/llama3.1-8b/shadow_validation/traces.jsonl","7","0","0.5000000000000001","0.2","1.0","0.0","0.0","reason","1","0","1","0.810144454240799","0.0","0.5000000000000001","0.810144454240799","0.5000000000000001","0.2","0.5000000000000001","0","1"
"arfa-llama3.1:8b-8k","shadow_validation","intercode-nl2bash-fs1-055","False","11","32609","results/phase1_5_shadow/full/llama3.1-8b/shadow_validation/traces.jsonl","8","0","0.5000000000000001","0.2","1.0","0.0","0.0","reason","1","0","1","0.821841835975647","0.0","0.5000000000000001","0.821841835975647","0.5000000000000001","0.2","0.5000000000000001","0","1"
"arfa-llama3.1:8b-8k","shadow_validation","intercode-nl2bash-fs1-055","False","11","32609","results/phase1_5_shadow/full/llama3.1-8b/shadow_validation/traces.jsonl","9","0","0.5000000000000001","0.2","1.0","0.0","0.0","reason","1","0","1","0.810144454240799","0.0","0.5000000000000001","0.810144454240799","0.5000000000000001","0.2","0.5000000000000001","0","1"
"arfa-llama3.1:8b-8k","shadow_validation","intercode-nl2bash-fs1-055","False","11","32609","results/phase1_5_shadow/full/llama3.1-8b/shadow_validation/traces.jsonl","10","0","0.5000000000000001","0.2","1.0","0.0","0.0","reason","1","0","1","0.821841835975647","0.0","0.5000000000000001","0.821841835975647","0.5000000000000001","0.2","0.5000000000000001","0","1"
"arfa-llama3.1:8b-8k","shadow_validation","intercode-nl2bash-fs2-000","False","4","5462","results/phase1_5_shadow/full/llama3.1-8b/shadow_validation/traces.jsonl","1","0","0.0","0.0","0.8888888888888888","0.0","1.0","reason","0","0","0","0.794684112071991","1.0","0.0","1.0","1.0","0.0","1.0","","0"
"arfa-llama3.1:8b-8k","shadow_validation","intercode-nl2bash-fs2-000","False","4","5462","results/phase1_5_shadow/full/llama3.1-8b/shadow_validation/traces.jsonl","2","0","0.375","0.0","1.0","0.0","1.0","reason","0","0","0","0.3843235969543457","1.0","0.375","1.0","1.0","0.0","1.0","1","0"
"arfa-llama3.1:8b-8k","shadow_validation","intercode-nl2bash-fs2-000","False","4","5462","results/phase1_5_shadow/full/llama3.1-8b/shadow_validation/traces.jsonl","3","0","0.16666666666666669","0.0","1.0","0.0","0.0","fast_candidate","0","0","1","0.7344383001327515","0.0","0.16666666666666669","0.7344383001327515","0.16666666666666669","0.0","0.16666666666666669","0","0"
"arfa-llama3.1:8b-8k","shadow_validation","intercode-nl2bash-fs2-029","False","6","10338","results/phase1_5_shadow/full/llama3.1-8b/shadow_validation/traces.jsonl","1","1","0.5416666666666667","1.0","0.9777777777777779","0.0","0.0","reason","1","0","0","0.2565617561340332","0.0","0.5416666666666667","0.2565617561340332","0.5416666666666667","1.0","0.5416666666666667","1","0"
"arfa-llama3.1:8b-8k","shadow_validation","intercode-nl2bash-fs2-029","False","6","10338","results/phase1_5_shadow/full/llama3.1-8b/shadow_validation/traces.jsonl","2","0","0.0","0.0","1.0","0.0","0.0","fast_candidate","0","0","0","0.7640740275382996","0.0","0.0","0.7640740275382996","0.0","0.0","0.0","0","0"
"arfa-llama3.1:8b-8k","shadow_validation","intercode-nl2bash-fs2-029","False","6","10338","results/phase1_5_shadow/full/llama3.1-8b/shadow_validation/traces.jsonl","3","1","0.5416666666666667","1.0","0.9777777777777779","0.0","0.0","reason","1","0","0","0.48697662353515625","0.0","0.5416666666666667","0.48697662353515625","0.5416666666666667","1.0","0.5416666666666667","1","0"
"arfa-llama3.1:8b-8k","shadow_validation","intercode-nl2bash-fs2-029","False","6","10338","results/phase1_5_shadow/full/llama3.1-8b/shadow_validation/traces.jsonl","4","0","0.0","0.0","1.0","0.0","0.0","fast_candidate","0","0","0","0.8235717415809631","0.0","0.0","0.8235717415809631","0.0","0.0","0.0","0","0"
"arfa-llama3.1:8b-8k","shadow_validation","intercode-nl2bash-fs2-029","False","6","10338","results/phase1_5_shadow/full/llama3.1-8b/shadow_validation/traces.jsonl","5","1","0.5416666666666667","1.0","1.0","0.0","0.0","reason","1","0","0","0.3746356964111328","0.0","0.5416666666666667","0.3746356964111328","0.5416666666666667","1.0","0.5416666666666667","1","0"
"arfa-llama3.1:8b-8k","shadow_validation","intercode-nl2bash-fs2-034","False","5","6246","results/phase1_5_shadow/full/llama3.1-8b/shadow_validation/traces.jsonl","1","0","0.0","0.0","0.7777777777777777","0.0","0.0","fast_candidate","0","0","0","0.9372998476028442","0.0","0.0","0.9372998476028442","0.0","0.0","0.0","","0"
"arfa-llama3.1:8b-8k","shadow_validation","intercode-nl2bash-fs2-034","False","5","6246","results/phase1_5_shadow/full/llama3.1-8b/shadow_validation/traces.jsonl","2","0","0.0","0.0","0.8722222222222222","0.0","0.0","fast_candidate","0","0","0","0.9465025961399078","0.0","0.0","0.9465025961399078","0.0","0.0","0.0","0","0"
"arfa-llama3.1:8b-8k","shadow_validation","intercode-nl2bash-fs2-034","False","5","6246","results/phase1_5_shadow/full/llama3.1-8b/shadow_validation/traces.jsonl","3","0","0.0","0.0","0.8833333333333333","0.0","0.0","fast_candidate","0","0","0","0.6107943952083588","0.0","0.0","0.6107943952083588","0.0","0.0","0.0","0","0"
"arfa-llama3.1:8b-8k","shadow_validation","intercode-nl2bash-fs2-034","False","5","6246","results/phase1_5_shadow/full/llama3.1-8b/shadow_validation/traces.jsonl","4","0","0.0","0.0","0.9111111111111111","0.0","0.0","fast_candidate","0","0","0","0.8731901496648788","0.0","0.0","0.8731901496648788","0.0","0.0","0.0","0","0"
"arfa-llama3.1:8b-8k","shadow_validation","intercode-nl2bash-fs2-038","False","4","5683","results/phase1_5_shadow/full/llama3.1-8b/shadow_validation/traces.jsonl","1","0","0.36363636363636365","0.45","0.7777777777777777","0.0","1.0","reason","1","0","0","0.9279176369309425","1.0","0.36363636363636365","1.0","1.0","0.45","1.0","",""
"arfa-llama3.1:8b-8k","shadow_validation","intercode-nl2bash-fs2-038","False","4","5683","results/phase1_5_shadow/full/llama3.1-8b/shadow_validation/traces.jsonl","2","0","0.33333333333333337","0.0","1.0","0.0","1.0","reason","0","0","1","1.0288098938763142","1.0","0.33333333333333337","1.0288098938763142","1.0","0.0","1.0","0","1"
"arfa-llama3.1:8b-8k","shadow_validation","intercode-nl2bash-fs2-038","False","4","5683","results/phase1_5_shadow/full/llama3.1-8b/shadow_validation/traces.jsonl","3","0","0.33333333333333337","0.0","1.0","0.0","0.0","fast_candidate","0","0","1","1.0496594831347466","0.0","0.33333333333333337","1.0496594831347466","0.33333333333333337","0.0","0.33333333333333337","0","1"
"arfa-llama3.1:8b-8k","shadow_validation","intercode-nl2bash-fs2-043","False","5","8193","results/phase1_5_shadow/full/llama3.1-8b/shadow_validation/traces.jsonl","1","1","0.26666666666666666","0.75","0.8888888888888888","0.0","1.0","reason","1","0","0","0.3237241506576538","1.0","0.26666666666666666","1.0","1.0","0.75","1.0","","0"
"arfa-llama3.1:8b-8k","shadow_validation","intercode-nl2bash-fs2-043","False","5","8193","results/phase1_5_shadow/full/llama3.1-8b/shadow_validation/traces.jsonl","2","0","0.0","0.0","1.0","0.0","0.0","fast_candidate","0","0","0","0.8496178388595581","0.0","0.0","0.8496178388595581","0.0","0.0","0.0","0","0"
"arfa-llama3.1:8b-8k","shadow_validation","intercode-nl2bash-fs2-043","False","5","8193","results/phase1_5_shadow/full/llama3.1-8b/shadow_validation/traces.jsonl","3","1","0.8000000000000002","1.0","0.8888888888888888","0.0","1.0","reason","1","0","1","0.647345781326294","1.0","0.8000000000000002","1.0","1.0","1.0","1.0","","1"
"arfa-llama3.1:8b-8k","shadow_validation","intercode-nl2bash-fs2-043","False","5","8193","results/phase1_5_shadow/full/llama3.1-8b/shadow_validation/traces.jsonl","4","0","0.0","0.0","1.0","0.0","0.0","fast_candidate","0","0","0","0.756399855017662","0.0","0.0","0.756399855017662","0.0","0.0","0.0","0","0"
"arfa-llama3.1:8b-8k","shadow_validation","intercode-nl2bash-fs2-051","False","7","16333","results/phase1_5_shadow/full/llama3.1-8b/shadow_validation/traces.jsonl","1","0","0.36363636363636365","0.45","0.7777777777777777","0.0","1.0","reason","1","0","0","0.561409056186676","1.0","0.36363636363636365","1.0","1.0","0.45","1.0","",""
"arfa-llama3.1:8b-8k","shadow_validation","intercode-nl2bash-fs2-051","False","7","16333","results/phase1_5_shadow/full/llama3.1-8b/shadow_validation/traces.jsonl","2","0","0.33333333333333337","0.0","1.0","1.0","1.0","reason","0","0","1","0.8566293716430664","1.0","0.33333333333333337","1.0","1.0","1.0","1.0","0","1"
"arfa-llama3.1:8b-8k","shadow_validation","intercode-nl2bash-fs2-051","False","7","16333","results/phase1_5_shadow/full/llama3.1-8b/shadow_validation/traces.jsonl","3","0","0.16666666666666669","0.45","1.0","0.0","0.0","fast_candidate","1","0","0","0.5856343507766724","0.0","0.16666666666666669","0.5856343507766724","0.16666666666666669","0.45","0.16666666666666669","0","0"
"arfa-llama3.1:8b-8k","shadow_validation","intercode-nl2bash-fs2-051","False","7","16333","results/phase1_5_shadow/full/llama3.1-8b/shadow_validation/traces.jsonl","4","0","0.16666666666666669","0.45","1.0","0.0","0.0","fast_candidate","1","0","0","0.5790956616401672","0.0","0.16666666666666669","0.5790956616401672","0.16666666666666669","0.45","0.16666666666666669","0","0"
"arfa-llama3.1:8b-8k","shadow_validation","intercode-nl2bash-fs2-051","False","7","16333","results/phase1_5_shadow/full/llama3.1-8b/shadow_validation/traces.jsonl","5","2","0.8750000000000001","1.0","1.0","0.0","0.0","reason","1","0","1","0.9423449411988258","0.0","0.8750000000000001","0.9423449411988258","0.8750000000000001","1.0","0.8750000000000001","1","1"
"arfa-llama3.1:8b-8k","shadow_validation","intercode-nl2bash-fs2-051","False","7","16333","results/phase1_5_shadow/full/llama3.1-8b/shadow_validation/traces.jsonl","6","0","0.16666666666666669","0.45","1.0","0.0","0.0","fast_candidate","1","0","0","0.5790956616401672","0.0","0.16666666666666669","0.5790956616401672","0.16666666666666669","0.45","0.16666666666666669","0","0"
"arfa-llama3.1:8b-8k","shadow_validation","intercode-nl2bash-fs3-000","False","8","16347","results/phase1_5_shadow/full/llama3.1-8b/shadow_validation/traces.jsonl","1","0","0.5333333333333333","0.0","0.8333333333333334","0.0","0.0","reason","0","0","1","1.0441607683897018","0.0","0.5333333333333333","1.0441607683897018","0.5333333333333333","0.0","0.5333333333333333","","1"
"arfa-llama3.1:8b-8k","shadow_validation","intercode-nl2bash-fs3-000","False","8","16347","results/phase1_5_shadow/full/llama3.1-8b/shadow_validation/traces.jsonl","2","1","0.26666666666666666","0.75","0.8888888888888888","0.0","1.0","reason","1","0","0","0.695497989654541","1.0","0.26666666666666666","1.0","1.0","0.75","1.0","","0"
"arfa-llama3.1:8b-8k","shadow_validation","intercode-nl2bash-fs3-000","False","8","16347","results/phase1_5_shadow/full/llama3.1-8b/shadow_validation/traces.jsonl","3","0","0.33333333333333337","0.0","0.6666666666666666","0.0","1.0","reason","0","0","1","1.006901502609253","1.0","0.33333333333333337","1.006901502609253","1.0","0.0","1.0","0","1"
"arfa-llama3.1:8b-8k","shadow_validation","intercode-nl2bash-fs3-000","False","8","16347","results/phase1_5_shadow/full/llama3.1-8b/shadow_validation/traces.jsonl","4","2","0.8000000000000002","1.0","0.8888888888888888","0.0","1.0","reason","1","0","1","0.9235284626483917","1.0","0.8000000000000002","1.0","1.0","1.0","1.0","","1"
"arfa-llama3.1:8b-8k","shadow_validation","intercode-nl2bash-fs3-000","False","8","16347","results/phase1_5_shadow/full/llama3.1-8b/shadow_validation/traces.jsonl","5","2","0.8000000000000002","1.0","0.8888888888888888","0.0","1.0","reason","1","0","1","0.9235284626483917","1.0","0.8000000000000002","1.0","1.0","1.0","1.0","","1"
"arfa-llama3.1:8b-8k","shadow_validation","intercode-nl2bash-fs3-000","False","8","16347","results/phase1_5_shadow/full/llama3.1-8b/shadow_validation/traces.jsonl","6","1","0.26666666666666666","0.75","0.8444444444444444","0.0","1.0","reason","1","0","0","0.6764355897903442","1.0","0.26666666666666666","1.0","1.0","0.75","1.0","","0"
"arfa-llama3.1:8b-8k","shadow_validation","intercode-nl2bash-fs3-000","False","8","16347","results/phase1_5_shadow/full/llama3.1-8b/shadow_validation/traces.jsonl","7","0","0.33333333333333337","0.0","0.6666666666666666","0.0","1.0","reason","0","0","1","1.006901502609253","1.0","0.33333333333333337","1.006901502609253","1.0","0.0","1.0","0","1"
"arfa-llama3.1:8b-8k","shadow_validation","intercode-nl2bash-fs3-010","True","6","12452","results/phase1_5_shadow/full/llama3.1-8b/shadow_validation/traces.jsonl","1","0","0.0","0.0","0.9","0.0","0.0","fast_candidate","0","0","0","0.5792219638824463","0.0","0.0","0.5792219638824463","0.0","0.0","0.0","0","0"
"arfa-llama3.1:8b-8k","shadow_validation","intercode-nl2bash-fs3-010","True","6","12452","results/phase1_5_shadow/full/llama3.1-8b/shadow_validation/traces.jsonl","3","0","0.5000000000000001","0.2","1.0","0.0","0.0","reason","1","0","1","0.681226372718811","0.0","0.5000000000000001","0.681226372718811","0.5000000000000001","0.2","0.5000000000000001","0","1"
"arfa-llama3.1:8b-8k","shadow_validation","intercode-nl2bash-fs3-010","True","6","12452","results/phase1_5_shadow/full/llama3.1-8b/shadow_validation/traces.jsonl","4","0","0.0","0.0","1.0","0.0","0.0","fast_candidate","0","0","0","0.6547606587409973","0.0","0.0","0.6547606587409973","0.0","0.0","0.0","0","0"
"arfa-llama3.1:8b-8k","shadow_validation","intercode-nl2bash-fs3-010","True","6","12452","results/phase1_5_shadow/full/llama3.1-8b/shadow_validation/traces.jsonl","5","0","0.0","0.0","1.0","0.0","0.0","fast_candidate","0","0","0","0.4271314740180969","0.0","0.0","0.4271314740180969","0.0","0.0","0.0","0","0"
"arfa-llama3.1:8b-8k","shadow_validation","intercode-nl2bash-fs3-014","False","5","7049","results/phase1_5_shadow/full/llama3.1-8b/shadow_validation/traces.jsonl","1","0","0.0","0.0","0.9388888888888888","0.0","0.0","fast_candidate","0","0","0","0.7420824766159058","0.0","0.0","0.7420824766159058","0.0","0.0","0.0","0","0"
"arfa-llama3.1:8b-8k","shadow_validation","intercode-nl2bash-fs3-014","False","5","7049","results/phase1_5_shadow/full/llama3.1-8b/shadow_validation/traces.jsonl","2","0","0.16666666666666669","0.45","0.9444444444444445","0.0","0.0","fast_candidate","1","0","0","0.22054952383041382","0.0","0.16666666666666669","0.22054952383041382","0.16666666666666669","0.45","0.16666666666666669","0","0"
"arfa-llama3.1:8b-8k","shadow_validation","intercode-nl2bash-fs3-014","False","5","7049","results/phase1_5_shadow/full/llama3.1-8b/shadow_validation/traces.jsonl","3","0","0.0","0.0","0.9444444444444445","0.0","0.0","fast_candidate","0","0","0","0.9362760931253433","0.0","0.0","0.9362760931253433","0.0","0.0","0.0","0","0"
"arfa-llama3.1:8b-8k","shadow_validation","intercode-nl2bash-fs3-014","False","5","7049","results/phase1_5_shadow/full/llama3.1-8b/shadow_validation/traces.jsonl","4","2","0.7083333333333335","1.0","1.0","0.0","0.0","reason","1","0","0","0.9120329171419144","0.0","0.7083333333333335","0.9120329171419144","0.7083333333333335","1.0","0.7083333333333335","1","1"
"arfa-llama3.1:8b-8k","shadow_validation","intercode-nl2bash-fs3-040","False","2","1824","results/phase1_5_shadow/full/llama3.1-8b/shadow_validation/traces.jsonl","1","0","0.0","0.0","0.75","0.0","1.0","reason","0","0","0","0.8879050388932228","1.0","0.0","1.0","1.0","0.0","1.0","",""
"arfa-llama3.1:8b-8k","shadow_validation","intercode-nl2bash-fs3-050","False","2","1726","results/phase1_5_shadow/full/llama3.1-8b/shadow_validation/traces.jsonl","1","0","0.0","0.0","0.8888888888888888","0.0","0.0","fast_candidate","0","0","0","0.7433173656463623","0.0","0.0","0.7433173656463623","0.0","0.0","0.0","0",""
"arfa-llama3.1:8b-8k","shadow_validation","intercode-nl2bash-fs3-056","False","7","12458","results/phase1_5_shadow/full/llama3.1-8b/shadow_validation/traces.jsonl","1","1","0.5333333333333333","1.0","0.8888888888888888","0.0","0.0","reason","1","0","1","0.6912375688552856","0.0","0.5333333333333333","0.6912375688552856","0.5333333333333333","1.0","0.5333333333333333","","0"
"arfa-llama3.1:8b-8k","shadow_validation","intercode-nl2bash-fs3-056","False","7","12458","results/phase1_5_shadow/full/llama3.1-8b/shadow_validation/traces.jsonl","2","0","0.16666666666666669","0.0","0.8777777777777778","0.0","0.0","fast_candidate","0","0","1","0.7580491453409195","0.0","0.16666666666666669","0.7580491453409195","0.16666666666666669","0.0","0.16666666666666669","0","0"
"arfa-llama3.1:8b-8k","shadow_validation","intercode-nl2bash-fs3-056","False","7","12458","results/phase1_5_shadow/full/llama3.1-8b/shadow_validation/traces.jsonl","3","1","0.8000000000000002","0.75","0.8888888888888888","0.0","0.0","reason","1","0","1","0.6433148682117462","0.0","0.8000000000000002","0.6433148682117462","0.8000000000000002","0.75","0.8000000000000002","","1"
"arfa-llama3.1:8b-8k","shadow_validation","intercode-nl2bash-fs3-056","False","7","12458","results/phase1_5_shadow/full/llama3.1-8b/shadow_validation/traces.jsonl","4","2","0.8000000000000002","1.0","0.8888888888888888","0.0","1.0","reason","1","0","1","0.9142962545156479","1.0","0.8000000000000002","1.0","1.0","1.0","1.0","","1"
"arfa-llama3.1:8b-8k","shadow_validation","intercode-nl2bash-fs3-056","False","7","12458","results/phase1_5_shadow/full/llama3.1-8b/shadow_validation/traces.jsonl","5","0","0.0","0.0","0.8444444444444444","0.0","0.0","fast_candidate","0","0","0","0.8343144357204437","0.0","0.0","0.8343144357204437","0.0","0.0","0.0","0","0"
"arfa-llama3.1:8b-8k","shadow_validation","intercode-nl2bash-fs3-056","False","7","12458","results/phase1_5_shadow/full/llama3.1-8b/shadow_validation/traces.jsonl","6","0","0.5333333333333333","0.0","0.8888888888888888","0.0","0.0","reason","0","0","1","0.9176885038614273","0.0","0.5333333333333333","0.9176885038614273","0.5333333333333333","0.0","0.5333333333333333","","1"
"arfa-llama3.1:8b-8k","shadow_validation","intercode-nl2bash-fs3-057","False","7","11653","results/phase1_5_shadow/full/llama3.1-8b/shadow_validation/traces.jsonl","1","0","0.0","0.0","0.8722222222222222","0.0","0.0","fast_candidate","0","0","0","0.6109905242919922","0.0","0.0","0.6109905242919922","0.0","0.0","0.0","","0"
"arfa-llama3.1:8b-8k","shadow_validation","intercode-nl2bash-fs3-057","False","7","11653","results/phase1_5_shadow/full/llama3.1-8b/shadow_validation/traces.jsonl","2","0","0.16666666666666669","0.0","0.9500000000000001","0.0","0.0","fast_candidate","0","0","0","0.5386842489242554","0.0","0.16666666666666669","0.5386842489242554","0.16666666666666669","0.0","0.16666666666666669","0","1"
"arfa-llama3.1:8b-8k","shadow_validation","intercode-nl2bash-fs3-057","False","7","11653","results/phase1_5_shadow/full/llama3.1-8b/shadow_validation/traces.jsonl","3","0","0.0","0.0","1.0","0.0","0.0","fast_candidate","0","0","0","0.7071419358253479","0.0","0.0","0.7071419358253479","0.0","0.0","0.0","0","0"
"arfa-llama3.1:8b-8k","shadow_validation","intercode-nl2bash-fs3-057","False","7","11653","results/phase1_5_shadow/full/llama3.1-8b/shadow_validation/traces.jsonl","4","2","0.5416666666666667","1.0","0.9500000000000001","0.0","0.0","reason","1","0","0","0.91822649538517","0.0","0.5416666666666667","0.91822649538517","0.5416666666666667","1.0","0.5416666666666667","1","0"
"arfa-llama3.1:8b-8k","shadow_validation","intercode-nl2bash-fs3-057","False","7","11653","results/phase1_5_shadow/full/llama3.1-8b/shadow_validation/traces.jsonl","5","0","0.0","0.0","1.0","0.0","0.0","fast_candidate","0","0","0","0.5886055827140808","0.0","0.0","0.5886055827140808","0.0","0.0","0.0","0","0"
"arfa-llama3.1:8b-8k","shadow_validation","intercode-nl2bash-fs3-057","False","7","11653","results/phase1_5_shadow/full/llama3.1-8b/shadow_validation/traces.jsonl","6","0","0.0","0.0","1.0","0.0","0.0","fast_candidate","0","0","0","0.7071419358253479","0.0","0.0","0.7071419358253479","0.0","0.0","0.0","0","0"
"arfa-llama3.1:8b-8k","shadow_validation","intercode-nl2bash-fs3-059","False","11","25136","results/phase1_5_shadow/full/llama3.1-8b/shadow_validation/traces.jsonl","1","0","0.0","0.0","0.8888888888888888","0.0","0.0","fast_candidate","0","0","0","0.7119740843772888","0.0","0.0","0.7119740843772888","0.0","0.0","0.0","","0"
"arfa-llama3.1:8b-8k","shadow_validation","intercode-nl2bash-fs3-059","False","11","25136","results/phase1_5_shadow/full/llama3.1-8b/shadow_validation/traces.jsonl","2","0","0.0","0.0","1.0","0.0","1.0","reason","0","0","0","0.3728451728820801","1.0","0.0","1.0","1.0","0.0","1.0","0","0"
"arfa-llama3.1:8b-8k","shadow_validation","intercode-nl2bash-fs3-059","False","11","25136","results/phase1_5_shadow/full/llama3.1-8b/shadow_validation/traces.jsonl","3","1","0.5416666666666667","0.55","0.8277777777777778","0.0","0.0","reason","0","0","0","0.6925886273384094","0.0","0.5416666666666667","0.6925886273384094","0.5416666666666667","0.55","0.5416666666666667","1","1"
"arfa-llama3.1:8b-8k","shadow_validation","intercode-nl2bash-fs3-059","False","11","25136","results/phase1_5_shadow/full/llama3.1-8b/shadow_validation/traces.jsonl","4","2","0.0","1.0","0.3333333333333333","0.0","0.0","reason","","0","0","0.9392770677804947","1.0","0.0","1.0","1.0","1.0","1.0","",""
"arfa-llama3.1:8b-8k","shadow_validation","intercode-nl2bash-fs3-059","False","11","25136","results/phase1_5_shadow/full/llama3.1-8b/shadow_validation/traces.jsonl","5","1","0.5333333333333333","0.75","0.8277777777777778","0.0","1.0","reason","1","0","0","0.5435857176780701","1.0","0.5333333333333333","1.0","1.0","0.75","1.0","","1"
"arfa-llama3.1:8b-8k","shadow_validation","intercode-nl2bash-fs3-059","False","11","25136","results/phase1_5_shadow/full/llama3.1-8b/shadow_validation/traces.jsonl","6","0","0.0","0.0","1.0","0.0","0.0","fast_candidate","0","0","0","0.2779155969619751","0.0","0.0","0.2779155969619751","0.0","0.0","0.0","0","0"
"arfa-llama3.1:8b-8k","shadow_validation","intercode-nl2bash-fs3-059","False","11","25136","results/phase1_5_shadow/full/llama3.1-8b/shadow_validation/traces.jsonl","7","1","0.5416666666666667","0.55","0.8277777777777778","0.0","0.0","reason","0","0","0","0.6925886273384094","0.0","0.5416666666666667","0.6925886273384094","0.5416666666666667","0.55","0.5416666666666667","1","1"
"arfa-llama3.1:8b-8k","shadow_validation","intercode-nl2bash-fs3-059","False","11","25136","results/phase1_5_shadow/full/llama3.1-8b/shadow_validation/traces.jsonl","8","1","0.5333333333333333","0.75","0.8277777777777778","0.0","1.0","reason","1","0","0","0.5435857176780701","1.0","0.5333333333333333","1.0","1.0","0.75","1.0","","1"
"arfa-llama3.1:8b-8k","shadow_validation","intercode-nl2bash-fs3-059","False","11","25136","results/phase1_5_shadow/full/llama3.1-8b/shadow_validation/traces.jsonl","9","0","0.0","0.0","1.0","0.0","0.0","fast_candidate","0","0","0","0.6591215431690216","0.0","0.0","0.6591215431690216","0.0","0.0","0.0","0","0"
"arfa-llama3.1:8b-8k","shadow_validation","intercode-nl2bash-fs3-059","False","11","25136","results/phase1_5_shadow/full/llama3.1-8b/shadow_validation/traces.jsonl","10","1","0.5416666666666667","0.75","1.0","0.0","0.0","reason","1","0","0","0.5006877481937408","0.0","0.5416666666666667","0.5006877481937408","0.5416666666666667","0.75","0.5416666666666667","1","0"
"arfa-llama3.1:8b-8k","shadow_validation","intercode-nl2bash-fs4-013","False","6","9999","results/phase1_5_shadow/full/llama3.1-8b/shadow_validation/traces.jsonl","1","0","0.0","0.0","0.7777777777777777","0.0","0.0","fast_candidate","0","0","0","0.4861351251602173","0.0","0.0","0.4861351251602173","0.0","0.0","0.0","",""
"arfa-llama3.1:8b-8k","shadow_validation","intercode-nl2bash-fs4-013","False","6","9999","results/phase1_5_shadow/full/llama3.1-8b/shadow_validation/traces.jsonl","2","0","0.16666666666666669","0.0","0.9444444444444445","0.0","0.0","fast_candidate","0","0","1","0.7670029848814011","0.0","0.16666666666666669","0.7670029848814011","0.16666666666666669","0.0","0.16666666666666669","0","0"
"arfa-llama3.1:8b-8k","shadow_validation","intercode-nl2bash-fs4-013","False","6","9999","results/phase1_5_shadow/full/llama3.1-8b/shadow_validation/traces.jsonl","3","2","0.8500000000000001","1.0","0.8888888888888888","0.0","0.0","reason","1","0","1","0.7411463856697083","0.0","0.8500000000000001","0.7411463856697083","0.8500000000000001","1.0","0.8500000000000001","1",""
"arfa-llama3.1:8b-8k","shadow_validation","intercode-nl2bash-fs4-013","False","6","9999","results/phase1_5_shadow/full/llama3.1-8b/shadow_validation/traces.jsonl","4","0","0.0","0.0","0.8888888888888888","0.0","0.0","fast_candidate","0","0","0","0.4861351251602173","0.0","0.0","0.4861351251602173","0.0","0.0","0.0","0",""
"arfa-llama3.1:8b-8k","shadow_validation","intercode-nl2bash-fs4-013","False","6","9999","results/phase1_5_shadow/full/llama3.1-8b/shadow_validation/traces.jsonl","5","0","0.16666666666666669","0.0","0.9444444444444445","0.0","0.0","fast_candidate","0","0","1","0.7670029848814011","0.0","0.16666666666666669","0.7670029848814011","0.16666666666666669","0.0","0.16666666666666669","0","0"
"arfa-llama3.1:8b-8k","shadow_validation","intercode-nl2bash-fs4-022","True","2","1671","results/phase1_5_shadow/full/llama3.1-8b/shadow_validation/traces.jsonl","1","0","0.0","0.0","0.7555555555555555","0.0","1.0","reason","0","0","0","0.907561406493187","1.0","0.0","1.0","1.0","0.0","1.0","",""
"arfa-qwen2.5-coder:14b-8k","shadow_development","intercode-nl2bash-fs1-014","False","3","4311","results/phase1_5_shadow/full/qwen2.5-coder-14b/shadow_development/traces.jsonl","1","0","0.0","0.0","1.0","0.0","1.0","reason","0","0","0","0.5341901183128357","1.0","0.0","1.0","1.0","0.0","1.0","0","0"
"arfa-qwen2.5-coder:14b-8k","shadow_development","intercode-nl2bash-fs1-014","False","3","4311","results/phase1_5_shadow/full/qwen2.5-coder-14b/shadow_development/traces.jsonl","2","0","0.0","0.0","1.0","0.0","0.0","fast_candidate","0","0","0","0.9499226287007332","0.0","0.0","0.9499226287007332","0.0","0.0","0.0","0","0"
"arfa-qwen2.5-coder:14b-8k","shadow_development","intercode-nl2bash-fs1-015","False","4","6405","results/phase1_5_shadow/full/qwen2.5-coder-14b/shadow_development/traces.jsonl","1","0","0.0","0.0","1.0","0.0","0.0","fast_candidate","0","0","0","0.819262757897377","0.0","0.0","0.819262757897377","0.0","0.0","0.0","0","0"
"arfa-qwen2.5-coder:14b-8k","shadow_development","intercode-nl2bash-fs1-015","False","4","6405","results/phase1_5_shadow/full/qwen2.5-coder-14b/shadow_development/traces.jsonl","2","1","0.5416666666666667","1.0","1.0","0.0","0.0","reason","1","0","0","0.2733408212661743","0.0","0.5416666666666667","0.2733408212661743","0.5416666666666667","1.0","0.5416666666666667","1","0"
"arfa-qwen2.5-coder:14b-8k","shadow_development","intercode-nl2bash-fs1-015","False","4","6405","results/phase1_5_shadow/full/qwen2.5-coder-14b/shadow_development/traces.jsonl","3","0","0.2","0.0","0.8888888888888888","0.0","0.0","fast_candidate","0","0","1","0.8020806908607483","0.0","0.2","0.8020806908607483","0.2","0.0","0.2","0",""
"arfa-qwen2.5-coder:14b-8k","shadow_development","intercode-nl2bash-fs1-021","True","2","1963","results/phase1_5_shadow/full/qwen2.5-coder-14b/shadow_development/traces.jsonl","1","0","0.0","0.0","1.0","0.0","0.0","fast_candidate","0","0","0","0.8143113255500793","0.0","0.0","0.8143113255500793","0.0","0.0","0.0","0","0"
"arfa-qwen2.5-coder:14b-8k","shadow_development","intercode-nl2bash-fs1-029","True","2","2055","results/phase1_5_shadow/full/qwen2.5-coder-14b/shadow_development/traces.jsonl","1","0","0.0","0.0","1.0","0.0","0.0","fast_candidate","0","0","0","0.8103376775979996","0.0","0.0","0.8103376775979996","0.0","0.0","0.0","0","0"
"arfa-qwen2.5-coder:14b-8k","shadow_development","intercode-nl2bash-fs1-034","False","2","2074","results/phase1_5_shadow/full/qwen2.5-coder-14b/shadow_development/traces.jsonl","1","0","0.0","0.0","1.0","0.0","0.0","fast_candidate","0","0","0","0.7436947822570801","0.0","0.0","0.7436947822570801","0.0","0.0","0.0","0","0"
"arfa-qwen2.5-coder:14b-8k","shadow_development","intercode-nl2bash-fs1-038","False","3","3652","results/phase1_5_shadow/full/qwen2.5-coder-14b/shadow_development/traces.jsonl","1","0","0.5000000000000001","0.45","1.0","0.0","0.0","reason","1","0","1","0.8726381957530975","0.0","0.5000000000000001","0.8726381957530975","0.5000000000000001","0.45","0.5000000000000001","0","1"
"arfa-qwen2.5-coder:14b-8k","shadow_development","intercode-nl2bash-fs1-038","False","3","3652","results/phase1_5_shadow/full/qwen2.5-coder-14b/shadow_development/traces.jsonl","2","0","0.0","0.0","0.9555555555555556","0.0","1.0","reason","0","0","0","0.5906876921653748","1.0","0.0","1.0","1.0","0.0","1.0","0","0"
"arfa-qwen2.5-coder:14b-8k","shadow_development","intercode-nl2bash-fs1-040","True","2","1963","results/phase1_5_shadow/full/qwen2.5-coder-14b/shadow_development/traces.jsonl","1","0","0.0","0.0","1.0","0.0","0.0","fast_candidate","0","0","0","0.7595322877168655","0.0","0.0","0.7595322877168655","0.0","0.0","0.0","0","0"
"arfa-qwen2.5-coder:14b-8k","shadow_development","intercode-nl2bash-fs1-045","False","2","2007","results/phase1_5_shadow/full/qwen2.5-coder-14b/shadow_development/traces.jsonl","1","0","0.16666666666666669","0.0","1.0","0.0","0.0","fast_candidate","0","0","1","0.930368110537529","0.0","0.16666666666666669","0.930368110537529","0.16666666666666669","0.0","0.16666666666666669","0","0"
"arfa-qwen2.5-coder:14b-8k","shadow_development","intercode-nl2bash-fs1-052","False","2","2010","results/phase1_5_shadow/full/qwen2.5-coder-14b/shadow_development/traces.jsonl","1","0","0.0","0.0","0.8888888888888888","0.0","0.0","fast_candidate","0","0","0","0.4737989902496338","0.0","0.0","0.4737989902496338","0.0","0.0","0.0","","0"
"arfa-qwen2.5-coder:14b-8k","shadow_development","intercode-nl2bash-fs2-005","False","2","1969","results/phase1_5_shadow/full/qwen2.5-coder-14b/shadow_development/traces.jsonl","1","0","0.0","0.0","1.0","0.0","0.0","fast_candidate","0","0","0","0.8490264564752579","0.0","0.0","0.8490264564752579","0.0","0.0","0.0","0","0"
"arfa-qwen2.5-coder:14b-8k","shadow_development","intercode-nl2bash-fs2-007","False","3","3956","results/phase1_5_shadow/full/qwen2.5-coder-14b/shadow_development/traces.jsonl","1","1","0.375","0.55","1.0","0.0","0.0","reason","0","0","0","0.39793258905410767","0.0","0.375","0.39793258905410767","0.375","0.55","0.375","1","0"
"arfa-qwen2.5-coder:14b-8k","shadow_development","intercode-nl2bash-fs2-007","False","3","3956","results/phase1_5_shadow/full/qwen2.5-coder-14b/shadow_development/traces.jsonl","2","0","0.33333333333333337","0.0","1.0","0.0","0.0","fast_candidate","0","0","1","0.7844906598329544","0.0","0.33333333333333337","0.7844906598329544","0.33333333333333337","0.0","0.33333333333333337","0","1"
"arfa-qwen2.5-coder:14b-8k","shadow_development","intercode-nl2bash-fs2-016","True","2","1958","results/phase1_5_shadow/full/qwen2.5-coder-14b/shadow_development/traces.jsonl","1","0","0.0","0.0","1.0","0.0","0.0","fast_candidate","0","0","0","0.8917169645428658","0.0","0.0","0.8917169645428658","0.0","0.0","0.0","0","0"
"arfa-qwen2.5-coder:14b-8k","shadow_development","intercode-nl2bash-fs2-022","False","2","1885","results/phase1_5_shadow/full/qwen2.5-coder-14b/shadow_development/traces.jsonl","1","0","0.0","0.0","1.0","1.0","1.0","reason","0","0","0","0.6680237650871277","1.0","0.0","1.0","1.0","1.0","1.0","0","0"
"arfa-qwen2.5-coder:14b-8k","shadow_development","intercode-nl2bash-fs2-026","True","2","2168","results/phase1_5_shadow/full/qwen2.5-coder-14b/shadow_development/traces.jsonl","1","0","0.0","0.0","1.0","0.0","0.0","fast_candidate","0","0","0","0.9462146610021591","0.0","0.0","0.9462146610021591","0.0","0.0","0.0","0","0"
"arfa-qwen2.5-coder:14b-8k","shadow_development","intercode-nl2bash-fs2-027","False","3","3254","results/phase1_5_shadow/full/qwen2.5-coder-14b/shadow_development/traces.jsonl","1","0","0.0","0.0","0.9388888888888888","0.0","0.0","fast_candidate","0","0","0","0.8492099344730377","0.0","0.0","0.8492099344730377","0.0","0.0","0.0","0","0"
"arfa-qwen2.5-coder:14b-8k","shadow_development","intercode-nl2bash-fs2-027","False","3","3254","results/phase1_5_shadow/full/qwen2.5-coder-14b/shadow_development/traces.jsonl","2","0","0.16666666666666669","0.0","1.0","0.0","0.0","fast_candidate","0","0","1","0.6250172853469849","0.0","0.16666666666666669","0.6250172853469849","0.16666666666666669","0.0","0.16666666666666669","0","0"
"arfa-qwen2.5-coder:14b-8k","shadow_development","intercode-nl2bash-fs2-032","True","2","1947","results/phase1_5_shadow/full/qwen2.5-coder-14b/shadow_development/traces.jsonl","1","0","0.0","0.0","0.8888888888888888","0.0","0.0","fast_candidate","0","0","0","1.0477938428521156","0.0","0.0","1.0477938428521156","0.0","0.0","0.0","","0"
"arfa-qwen2.5-coder:14b-8k","shadow_development","intercode-nl2bash-fs2-044","False","3","4145","results/phase1_5_shadow/full/qwen2.5-coder-14b/shadow_development/traces.jsonl","1","2","0.5416666666666667","1.0","1.0","0.0","0.0","reason","1","0","0","0.4156806468963623","0.0","0.5416666666666667","0.4156806468963623","0.5416666666666667","1.0","0.5416666666666667","1","0"
"arfa-qwen2.5-coder:14b-8k","shadow_development","intercode-nl2bash-fs2-044","False","3","4145","results/phase1_5_shadow/full/qwen2.5-coder-14b/shadow_development/traces.jsonl","2","0","0.0","0.0","1.0","0.0","0.0","fast_candidate","0","0","0","0.5100178718566895","0.0","0.0","0.5100178718566895","0.0","0.0","0.0","0","0"
"arfa-qwen2.5-coder:14b-8k","shadow_development","intercode-nl2bash-fs2-048","True","2","2038","results/phase1_5_shadow/full/qwen2.5-coder-14b/shadow_development/traces.jsonl","1","0","0.16666666666666669","0.2","1.0","0.0","0.0","fast_candidate","1","0","0","0.55244180560112","0.0","0.16666666666666669","0.55244180560112","0.16666666666666669","0.2","0.16666666666666669","0","0"
"arfa-qwen2.5-coder:14b-8k","shadow_development","intercode-nl2bash-fs3-001","True","2","1875","results/phase1_5_shadow/full/qwen2.5-coder-14b/shadow_development/traces.jsonl","1","0","0.0","0.0","1.0","0.0","0.0","fast_candidate","0","0","0","0.5424166917800903","0.0","0.0","0.5424166917800903","0.0","0.0","0.0","0","0"
"arfa-qwen2.5-coder:14b-8k","shadow_development","intercode-nl2bash-fs3-004","True","2","1871","results/phase1_5_shadow/full/qwen2.5-coder-14b/shadow_development/traces.jsonl","1","0","0.0","0.0","1.0","0.0","0.0","fast_candidate","0","0","0","0.5051423907279968","0.0","0.0","0.5051423907279968","0.0","0.0","0.0","0","0"
"arfa-qwen2.5-coder:14b-8k","shadow_development","intercode-nl2bash-fs3-013","True","2","1999","results/phase1_5_shadow/full/qwen2.5-coder-14b/shadow_development/traces.jsonl","1","0","0.0","0.0","0.8888888888888888","0.0","0.0","fast_candidate","0","0","0","0.45513880252838135","0.0","0.0","0.45513880252838135","0.0","0.0","0.0","","0"
"arfa-qwen2.5-coder:14b-8k","shadow_development","intercode-nl2bash-fs3-017","True","2","1773","results/phase1_5_shadow/full/qwen2.5-coder-14b/shadow_development/traces.jsonl","1","0","0.0","0.0","1.0","1.0","1.0","reason","0","0","0","0.6259669661521912","1.0","0.0","1.0","1.0","1.0","1.0","0","0"
"arfa-qwen2.5-coder:14b-8k","shadow_development","intercode-nl2bash-fs3-021","False","2","2251","results/phase1_5_shadow/full/qwen2.5-coder-14b/shadow_development/traces.jsonl","1","0","0.0","0.0","1.0","0.0","0.0","fast_candidate","0","0","0","0.5934104025363922","0.0","0.0","0.5934104025363922","0.0","0.0","0.0","0","0"
"arfa-qwen2.5-coder:14b-8k","shadow_development","intercode-nl2bash-fs3-026","True","7","19587","results/phase1_5_shadow/full/qwen2.5-coder-14b/shadow_development/traces.jsonl","1","0","0.5333333333333333","0.0","0.8888888888888888","0.0","0.0","reason","0","0","1","0.8293880075216293","0.0","0.5333333333333333","0.8293880075216293","0.5333333333333333","0.0","0.5333333333333333","","1"
"arfa-qwen2.5-coder:14b-8k","shadow_development","intercode-nl2bash-fs3-026","True","7","19587","results/phase1_5_shadow/full/qwen2.5-coder-14b/shadow_development/traces.jsonl","2","0","0.0","0.0","1.0","0.0","0.0","fast_candidate","0","0","0","0.7835040986537933","0.0","0.0","0.7835040986537933","0.0","0.0","0.0","0","0"
"arfa-qwen2.5-coder:14b-8k","shadow_development","intercode-nl2bash-fs3-026","True","7","19587","results/phase1_5_shadow/full/qwen2.5-coder-14b/shadow_development/traces.jsonl","3","0","0.5333333333333333","0.0","0.8888888888888888","0.0","0.0","reason","0","0","1","0.8420324921607971","0.0","0.5333333333333333","0.8420324921607971","0.5333333333333333","0.0","0.5333333333333333","","1"
"arfa-qwen2.5-coder:14b-8k","shadow_development","intercode-nl2bash-fs3-026","True","7","19587","results/phase1_5_shadow/full/qwen2.5-coder-14b/shadow_development/traces.jsonl","4","0","0.0","0.0","1.0","0.0","0.0","fast_candidate","0","0","0","0.7830945551395416","0.0","0.0","0.7830945551395416","0.0","0.0","0.0","0","0"
"arfa-qwen2.5-coder:14b-8k","shadow_development","intercode-nl2bash-fs3-026","True","7","19587","results/phase1_5_shadow/full/qwen2.5-coder-14b/shadow_development/traces.jsonl","5","0","0.5333333333333333","0.0","0.8888888888888888","0.0","0.0","reason","0","0","1","0.8420324921607971","0.0","0.5333333333333333","0.8420324921607971","0.5333333333333333","0.0","0.5333333333333333","","1"
"arfa-qwen2.5-coder:14b-8k","shadow_development","intercode-nl2bash-fs3-026","True","7","19587","results/phase1_5_shadow/full/qwen2.5-coder-14b/shadow_development/traces.jsonl","6","0","0.0","0.0","1.0","0.0","0.0","fast_candidate","0","0","0","0.7839287519454956","0.0","0.0","0.7839287519454956","0.0","0.0","0.0","0","0"
"arfa-qwen2.5-coder:14b-8k","shadow_development","intercode-nl2bash-fs3-028","False","2","2836","results/phase1_5_shadow/full/qwen2.5-coder-14b/shadow_development/traces.jsonl","1","0","0.0","0.0","1.0","0.0","0.0","fast_candidate","0","0","0","0.5604813992977142","0.0","0.0","0.5604813992977142","0.0","0.0","0.0","0","0"
"arfa-qwen2.5-coder:14b-8k","shadow_development","intercode-nl2bash-fs3-029","False","2","2761","results/phase1_5_shadow/full/qwen2.5-coder-14b/shadow_development/traces.jsonl","1","0","0.0","0.0","1.0","0.0","0.0","fast_candidate","0","0","0","0.6666690707206726","0.0","0.0","0.6666690707206726","0.0","0.0","0.0","0","0"
"arfa-qwen2.5-coder:14b-8k","shadow_development","intercode-nl2bash-fs3-031","False","2","2092","results/phase1_5_shadow/full/qwen2.5-coder-14b/shadow_development/traces.jsonl","1","0","0.0","0.0","1.0","0.0","0.0","fast_candidate","0","0","0","0.8466071039438248","0.0","0.0","0.8466071039438248","0.0","0.0","0.0","0","0"
"arfa-qwen2.5-coder:14b-8k","shadow_development","intercode-nl2bash-fs3-045","False","4","5833","results/phase1_5_shadow/full/qwen2.5-coder-14b/shadow_development/traces.jsonl","1","0","0.0","0.0","1.0","1.0","1.0","reason","0","0","0","0.8030138313770294","1.0","0.0","1.0","1.0","1.0","1.0","0","0"
"arfa-qwen2.5-coder:14b-8k","shadow_development","intercode-nl2bash-fs3-045","False","4","5833","results/phase1_5_shadow/full/qwen2.5-coder-14b/shadow_development/traces.jsonl","2","0","0.0","0.0","1.0","1.0","1.0","reason","0","0","0","0.6922181844711304","1.0","0.0","1.0","1.0","1.0","1.0","0","0"
"arfa-qwen2.5-coder:14b-8k","shadow_development","intercode-nl2bash-fs3-045","False","4","5833","results/phase1_5_shadow/full/qwen2.5-coder-14b/shadow_development/traces.jsonl","3","0","0.0","0.0","1.0","1.0","1.0","reason","0","0","0","0.6876312494277954","1.0","0.0","1.0","1.0","1.0","1.0","0","0"
"arfa-qwen2.5-coder:14b-8k","shadow_development","intercode-nl2bash-fs3-049","False","4","5485","results/phase1_5_shadow/full/qwen2.5-coder-14b/shadow_development/traces.jsonl","1","0","0.5000000000000001","0.45","1.0","0.0","0.0","reason","1","0","1","0.6812212467193604","0.0","0.5000000000000001","0.6812212467193604","0.5000000000000001","0.45","0.5000000000000001","0","1"
"arfa-qwen2.5-coder:14b-8k","shadow_development","intercode-nl2bash-fs3-049","False","4","5485","results/phase1_5_shadow/full/qwen2.5-coder-14b/shadow_development/traces.jsonl","2","0","0.0","0.0","0.8722222222222222","0.0","1.0","reason","0","0","0","0.7173198759555817","1.0","0.0","1.0","1.0","0.0","1.0","0","0"
"arfa-qwen2.5-coder:14b-8k","shadow_development","intercode-nl2bash-fs3-049","False","4","5485","results/phase1_5_shadow/full/qwen2.5-coder-14b/shadow_development/traces.jsonl","3","0","0.0","0.0","1.0","0.0","0.0","fast_candidate","0","0","0","0.6082427501678467","0.0","0.0","0.6082427501678467","0.0","0.0","0.0","0","0"
"arfa-qwen2.5-coder:14b-8k","shadow_development","intercode-nl2bash-fs3-055","True","2","2033","results/phase1_5_shadow/full/qwen2.5-coder-14b/shadow_development/traces.jsonl","1","0","0.0","0.0","0.8888888888888888","0.0","0.0","fast_candidate","0","0","0","0.5280946791172028","0.0","0.0","0.5280946791172028","0.0","0.0","0.0","","0"
"arfa-qwen2.5-coder:14b-8k","shadow_development","intercode-nl2bash-fs3-058","False","2","1832","results/phase1_5_shadow/full/qwen2.5-coder-14b/shadow_development/traces.jsonl","1","0","0.0","0.0","1.0","0.0","0.0","fast_candidate","0","0","0","0.9013291969895363","0.0","0.0","0.9013291969895363","0.0","0.0","0.0","0","0"
"arfa-qwen2.5-coder:14b-8k","shadow_development","intercode-nl2bash-fs4-003","True","2","1750","results/phase1_5_shadow/full/qwen2.5-coder-14b/shadow_development/traces.jsonl","1","0","0.0","0.0","0.9055555555555556","0.0","0.0","fast_candidate","0","0","0","0.3753359317779541","0.0","0.0","0.3753359317779541","0.0","0.0","0.0","0","0"
"arfa-qwen2.5-coder:14b-8k","shadow_development","intercode-nl2bash-fs4-004","True","2","1933","results/phase1_5_shadow/full/qwen2.5-coder-14b/shadow_development/traces.jsonl","1","0","0.0","0.0","1.0","0.0","0.0","fast_candidate","0","0","0","0.6781020164489746","0.0","0.0","0.6781020164489746","0.0","0.0","0.0","0","0"
"arfa-qwen2.5-coder:14b-8k","shadow_development","intercode-nl2bash-fs4-006","True","2","1875","results/phase1_5_shadow/full/qwen2.5-coder-14b/shadow_development/traces.jsonl","1","0","0.0","0.0","1.0","0.0","0.0","fast_candidate","0","0","0","0.9206427782773972","0.0","0.0","0.9206427782773972","0.0","0.0","0.0","0","0"
"arfa-qwen2.5-coder:14b-8k","shadow_development","intercode-nl2bash-fs4-015","True","2","1863","results/phase1_5_shadow/full/qwen2.5-coder-14b/shadow_development/traces.jsonl","1","0","0.0","0.0","0.8333333333333334","0.0","0.0","fast_candidate","0","0","0","0.48820793628692627","0.0","0.0","0.48820793628692627","0.0","0.0","0.0","0","0"
"arfa-qwen2.5-coder:14b-8k","shadow_development","intercode-nl2bash-fs4-019","True","2","1998","results/phase1_5_shadow/full/qwen2.5-coder-14b/shadow_development/traces.jsonl","1","0","0.5000000000000001","0.2","1.0","0.0","0.0","reason","1","0","1","0.5758945345878601","0.0","0.5000000000000001","0.5758945345878601","0.5000000000000001","0.2","0.5000000000000001","0","1"
"arfa-qwen2.5-coder:14b-8k","shadow_development","intercode-nl2bash-fs4-020","False","2","1713","results/phase1_5_shadow/full/qwen2.5-coder-14b/shadow_development/traces.jsonl","1","0","0.0","0.0","0.9222222222222222","0.0","0.0","fast_candidate","0","0","0","0.5947008728981018","0.0","0.0","0.5947008728981018","0.0","0.0","0.0","0","0"
"arfa-qwen2.5-coder:14b-8k","shadow_development","intercode-nl2bash-fs4-023","True","2","2331","results/phase1_5_shadow/full/qwen2.5-coder-14b/shadow_development/traces.jsonl","1","0","0.0","0.0","1.0","0.0","0.0","fast_candidate","0","0","0","0.6850277483463287","0.0","0.0","0.6850277483463287","0.0","0.0","0.0","0","0"
"arfa-qwen2.5-coder:14b-8k","shadow_development","intercode-nl2bash-fs4-024","True","2","1988","results/phase1_5_shadow/full/qwen2.5-coder-14b/shadow_development/traces.jsonl","1","0","0.0","0.0","0.9722222222222222","0.0","0.0","fast_candidate","0","0","0","0.8716171532869339","0.0","0.0","0.8716171532869339","0.0","0.0","0.0","0","0"
"arfa-qwen2.5-coder:14b-8k","shadow_development","intercode-nl2bash-fs4-025","False","2","1935","results/phase1_5_shadow/full/qwen2.5-coder-14b/shadow_development/traces.jsonl","1","0","0.0","0.0","1.0","0.0","0.0","fast_candidate","0","0","0","0.8239059597253799","0.0","0.0","0.8239059597253799","0.0","0.0","0.0","0","0"
"arfa-qwen2.5-coder:14b-8k","shadow_test","intercode-nl2bash-fs1-000","False","2","2010","results/phase1_5_shadow/full/qwen2.5-coder-14b/shadow_test/traces.jsonl","1","0","0.0","0.0","1.0","0.0","0.0","fast_candidate","0","0","0","1.0302706584334373","0.0","0.0","1.0302706584334373","0.0","0.0","0.0","0","0"
"arfa-qwen2.5-coder:14b-8k","shadow_test","intercode-nl2bash-fs1-001","False","7","16443","results/phase1_5_shadow/full/qwen2.5-coder-14b/shadow_test/traces.jsonl","1","0","0.0","0.0","0.9055555555555556","0.0","0.0","fast_candidate","0","0","0","0.8410673290491104","0.0","0.0","0.8410673290491104","0.0","0.0","0.0","0","0"
"arfa-qwen2.5-coder:14b-8k","shadow_test","intercode-nl2bash-fs1-001","False","7","16443","results/phase1_5_shadow/full/qwen2.5-coder-14b/shadow_test/traces.jsonl","2","0","0.0","0.0","0.8944444444444445","0.0","0.0","fast_candidate","0","0","0","0.9717384800314903","0.0","0.0","0.9717384800314903","0.0","0.0","0.0","0","0"
"arfa-qwen2.5-coder:14b-8k","shadow_test","intercode-nl2bash-fs1-001","False","7","16443","results/phase1_5_shadow/full/qwen2.5-coder-14b/shadow_test/traces.jsonl","3","0","0.0","0.0","1.0","0.0","1.0","reason","0","0","0","0.7192822694778442","1.0","0.0","1.0","1.0","0.0","1.0","0","0"
"arfa-qwen2.5-coder:14b-8k","shadow_test","intercode-nl2bash-fs1-001","False","7","16443","results/phase1_5_shadow/full/qwen2.5-coder-14b/shadow_test/traces.jsonl","4","0","0.0","0.0","0.8944444444444445","0.0","0.0","fast_candidate","0","0","0","0.9605567529797554","0.0","0.0","0.9605567529797554","0.0","0.0","0.0","0","0"
"arfa-qwen2.5-coder:14b-8k","shadow_test","intercode-nl2bash-fs1-001","False","7","16443","results/phase1_5_shadow/full/qwen2.5-coder-14b/shadow_test/traces.jsonl","5","0","0.0","0.0","0.8111111111111112","0.0","1.0","reason","0","0","0","0.8824183270335197","1.0","0.0","1.0","1.0","0.0","1.0","0","0"
"arfa-qwen2.5-coder:14b-8k","shadow_test","intercode-nl2bash-fs1-001","False","7","16443","results/phase1_5_shadow/full/qwen2.5-coder-14b/shadow_test/traces.jsonl","6","0","0.0","0.0","0.8944444444444445","0.0","0.0","fast_candidate","0","0","0","0.9627628549933434","0.0","0.0","0.9627628549933434","0.0","0.0","0.0","0","0"
"arfa-qwen2.5-coder:14b-8k","shadow_test","intercode-nl2bash-fs1-009","False","2","1821","results/phase1_5_shadow/full/qwen2.5-coder-14b/shadow_test/traces.jsonl","1","0","0.0","0.0","0.8888888888888888","0.0","1.0","reason","0","0","0","0.5096213221549988","1.0","0.0","1.0","1.0","0.0","1.0","0",""
"arfa-qwen2.5-coder:14b-8k","shadow_test","intercode-nl2bash-fs1-010","False","2","2197","results/phase1_5_shadow/full/qwen2.5-coder-14b/shadow_test/traces.jsonl","1","0","0.26666666666666666","0.0","0.8888888888888888","0.0","1.0","reason","0","0","0","0.4786149263381958","1.0","0.26666666666666666","1.0","1.0","0.0","1.0","","1"
"arfa-qwen2.5-coder:14b-8k","shadow_test","intercode-nl2bash-fs1-016","False","2","2027","results/phase1_5_shadow/full/qwen2.5-coder-14b/shadow_test/traces.jsonl","1","0","0.0","0.0","1.0","0.0","0.0","fast_candidate","0","0","0","0.5547223687171936","0.0","0.0","0.5547223687171936","0.0","0.0","0.0","0","0"
"arfa-qwen2.5-coder:14b-8k","shadow_test","intercode-nl2bash-fs1-023","False","2","1999","results/phase1_5_shadow/full/qwen2.5-coder-14b/shadow_test/traces.jsonl","1","0","0.0","0.0","1.0","0.0","0.0","fast_candidate","0","0","0","0.7110156416893005","0.0","0.0","0.7110156416893005","0.0","0.0","0.0","0","0"
"arfa-qwen2.5-coder:14b-8k","shadow_test","intercode-nl2bash-fs1-031","True","2","1949","results/phase1_5_shadow/full/qwen2.5-coder-14b/shadow_test/traces.jsonl","1","0","0.0","0.0","0.9500000000000001","0.0","0.0","fast_candidate","0","0","0","0.9523741789162159","0.0","0.0","0.9523741789162159","0.0","0.0","0.0","0","0"
"arfa-qwen2.5-coder:14b-8k","shadow_test","intercode-nl2bash-fs1-032","False","3","3714","results/phase1_5_shadow/full/qwen2.5-coder-14b/shadow_test/traces.jsonl","1","0","0.0","0.0","1.0","0.0","0.0","fast_candidate","0","0","0","0.7646848559379578","0.0","0.0","0.7646848559379578","0.0","0.0","0.0","0","0"
"arfa-qwen2.5-coder:14b-8k","shadow_test","intercode-nl2bash-fs1-032","False","3","3714","results/phase1_5_shadow/full/qwen2.5-coder-14b/shadow_test/traces.jsonl","2","0","0.2","0.0","0.8888888888888888","0.0","1.0","reason","0","0","1","0.8698578029870987","1.0","0.2","1.0","1.0","0.0","1.0","0",""
"arfa-qwen2.5-coder:14b-8k","shadow_test","intercode-nl2bash-fs1-035","True","2","2070","results/phase1_5_shadow/full/qwen2.5-coder-14b/shadow_test/traces.jsonl","1","0","0.0","0.0","1.0","0.0","0.0","fast_candidate","0","0","0","0.907597191631794","0.0","0.0","0.907597191631794","0.0","0.0","0.0","0","0"
"arfa-qwen2.5-coder:14b-8k","shadow_test","intercode-nl2bash-fs1-051","False","2","2674","results/phase1_5_shadow/full/qwen2.5-coder-14b/shadow_test/traces.jsonl","1","0","0.0","0.0","1.0","0.0","0.0","fast_candidate","0","0","0","0.7014594674110413","0.0","0.0","0.7014594674110413","0.0","0.0","0.0","0","0"
"arfa-qwen2.5-coder:14b-8k","shadow_test","intercode-nl2bash-fs1-057","False","5","8698","results/phase1_5_shadow/full/qwen2.5-coder-14b/shadow_test/traces.jsonl","1","1","0.5416666666666667","1.0","1.0","0.0","0.0","reason","1","0","0","0.3597705364227295","0.0","0.5416666666666667","0.3597705364227295","0.5416666666666667","1.0","0.5416666666666667","1","0"
"arfa-qwen2.5-coder:14b-8k","shadow_test","intercode-nl2bash-fs1-057","False","5","8698","results/phase1_5_shadow/full/qwen2.5-coder-14b/shadow_test/traces.jsonl","2","1","0.5416666666666667","1.0","1.0","0.0","0.0","reason","1","0","0","0.3921753764152527","0.0","0.5416666666666667","0.3921753764152527","0.5416666666666667","1.0","0.5416666666666667","1","0"
"arfa-qwen2.5-coder:14b-8k","shadow_test","intercode-nl2bash-fs1-057","False","5","8698","results/phase1_5_shadow/full/qwen2.5-coder-14b/shadow_test/traces.jsonl","3","1","0.5416666666666667","1.0","1.0","0.0","0.0","reason","1","0","0","0.3943116068840027","0.0","0.5416666666666667","0.3943116068840027","0.5416666666666667","1.0","0.5416666666666667","1","0"
"arfa-qwen2.5-coder:14b-8k","shadow_test","intercode-nl2bash-fs1-057","False","5","8698","results/phase1_5_shadow/full/qwen2.5-coder-14b/shadow_test/traces.jsonl","4","1","0.5416666666666667","1.0","1.0","0.0","0.0","reason","1","0","0","0.3943116068840027","0.0","0.5416666666666667","0.3943116068840027","0.5416666666666667","1.0","0.5416666666666667","1","0"
"arfa-qwen2.5-coder:14b-8k","shadow_test","intercode-nl2bash-fs1-058","True","3","3652","results/phase1_5_shadow/full/qwen2.5-coder-14b/shadow_test/traces.jsonl","1","1","0.8500000000000001","0.75","0.8888888888888888","0.0","0.0","reason","1","0","1","0.7026755809783936","0.0","0.8500000000000001","0.7026755809783936","0.8500000000000001","0.75","0.8500000000000001","1",""
"arfa-qwen2.5-coder:14b-8k","shadow_test","intercode-nl2bash-fs1-058","True","3","3652","results/phase1_5_shadow/full/qwen2.5-coder-14b/shadow_test/traces.jsonl","2","0","0.2","0.0","0.8888888888888888","0.0","0.0","fast_candidate","0","0","1","0.8921574577689171","0.0","0.2","0.8921574577689171","0.2","0.0","0.2","0",""
"arfa-qwen2.5-coder:14b-8k","shadow_test","intercode-nl2bash-fs2-008","True","2","1938","results/phase1_5_shadow/full/qwen2.5-coder-14b/shadow_test/traces.jsonl","1","0","0.0","0.0","0.9722222222222222","0.0","0.0","fast_candidate","0","0","0","0.877166748046875","0.0","0.0","0.877166748046875","0.0","0.0","0.0","0","0"
"arfa-qwen2.5-coder:14b-8k","shadow_test","intercode-nl2bash-fs2-009","True","3","4173","results/phase1_5_shadow/full/qwen2.5-coder-14b/shadow_test/traces.jsonl","1","0","0.0","0.0","1.0","0.0","0.0","fast_candidate","0","0","0","0.9726888537406921","0.0","0.0","0.9726888537406921","0.0","0.0","0.0","0","0"
"arfa-qwen2.5-coder:14b-8k","shadow_test","intercode-nl2bash-fs2-009","True","3","4173","results/phase1_5_shadow/full/qwen2.5-coder-14b/shadow_test/traces.jsonl","2","0","0.0","0.0","1.0","0.0","0.0","fast_candidate","0","0","0","0.9923145230859518","0.0","0.0","0.9923145230859518","0.0","0.0","0.0","0","0"
"arfa-qwen2.5-coder:14b-8k","shadow_test","intercode-nl2bash-fs2-011","True","2","1929","results/phase1_5_shadow/full/qwen2.5-coder-14b/shadow_test/traces.jsonl","1","0","0.0","0.0","1.0","0.0","0.0","fast_candidate","0","0","0","0.8288291096687317","0.0","0.0","0.8288291096687317","0.0","0.0","0.0","0","0"
"arfa-qwen2.5-coder:14b-8k","shadow_test","intercode-nl2bash-fs2-012","False","3","3640","results/phase1_5_shadow/full/qwen2.5-coder-14b/shadow_test/traces.jsonl","1","0","0.0","0.0","1.0","0.0","0.0","fast_candidate","0","0","0","0.9707984570413828","0.0","0.0","0.9707984570413828","0.0","0.0","0.0","0","0"
"arfa-qwen2.5-coder:14b-8k","shadow_test","intercode-nl2bash-fs2-012","False","3","3640","results/phase1_5_shadow/full/qwen2.5-coder-14b/shadow_test/traces.jsonl","2","0","0.0","0.0","0.8888888888888888","0.0","0.0","fast_candidate","0","0","0","0.41131502389907837","0.0","0.0","0.41131502389907837","0.0","0.0","0.0","","0"
"arfa-qwen2.5-coder:14b-8k","shadow_test","intercode-nl2bash-fs2-019","True","3","3879","results/phase1_5_shadow/full/qwen2.5-coder-14b/shadow_test/traces.jsonl","1","0","0.0","0.0","1.0","0.0","0.0","fast_candidate","0","0","0","0.5650801360607147","0.0","0.0","0.5650801360607147","0.0","0.0","0.0","0","0"
"arfa-qwen2.5-coder:14b-8k","shadow_test","intercode-nl2bash-fs2-019","True","3","3879","results/phase1_5_shadow/full/qwen2.5-coder-14b/shadow_test/traces.jsonl","2","0","0.16666666666666669","0.0","1.0","0.0","0.0","fast_candidate","0","0","1","0.8555702567100525","0.0","0.16666666666666669","0.8555702567100525","0.16666666666666669","0.0","0.16666666666666669","0","0"
"arfa-qwen2.5-coder:14b-8k","shadow_test","intercode-nl2bash-fs2-020","True","2","1995","results/phase1_5_shadow/full/qwen2.5-coder-14b/shadow_test/traces.jsonl","1","0","0.0","0.0","1.0","0.0","0.0","fast_candidate","0","0","0","0.8417936116456985","0.0","0.0","0.8417936116456985","0.0","0.0","0.0","0","0"
"arfa-qwen2.5-coder:14b-8k","shadow_test","intercode-nl2bash-fs2-021","True","2","2013","results/phase1_5_shadow/full/qwen2.5-coder-14b/shadow_test/traces.jsonl","1","0","0.0","0.0","1.0","0.0","0.0","fast_candidate","0","0","0","0.8234513103961945","0.0","0.0","0.8234513103961945","0.0","0.0","0.0","0","0"
"arfa-qwen2.5-coder:14b-8k","shadow_test","intercode-nl2bash-fs2-025","False","2","2107","results/phase1_5_shadow/full/qwen2.5-coder-14b/shadow_test/traces.jsonl","1","0","0.0","0.0","1.0","0.0","0.0","fast_candidate","0","0","0","0.9679452702403069","0.0","0.0","0.9679452702403069","0.0","0.0","0.0","0","0"
"arfa-qwen2.5-coder:14b-8k","shadow_test","intercode-nl2bash-fs2-033","False","2","1975","results/phase1_5_shadow/full/qwen2.5-coder-14b/shadow_test/traces.jsonl","1","0","0.0","0.0","1.0","1.0","1.0","reason","0","0","0","0.7986007630825043","1.0","0.0","1.0","1.0","1.0","1.0","0","0"
"arfa-qwen2.5-coder:14b-8k","shadow_test","intercode-nl2bash-fs2-040","False","3","3195","results/phase1_5_shadow/full/qwen2.5-coder-14b/shadow_test/traces.jsonl","1","0","0.0","0.0","0.8111111111111112","0.0","1.0","reason","0","0","0","0.8473706990480423","1.0","0.0","1.0","1.0","0.0","1.0","","0"
"arfa-qwen2.5-coder:14b-8k","shadow_test","intercode-nl2bash-fs2-040","False","3","3195","results/phase1_5_shadow/full/qwen2.5-coder-14b/shadow_test/traces.jsonl","2","0","0.0","0.0","1.0","0.0","0.0","fast_candidate","0","0","0","1.0008516553789377","0.0","0.0","1.0008516553789377","0.0","0.0","0.0","0","0"
"arfa-qwen2.5-coder:14b-8k","shadow_test","intercode-nl2bash-fs2-045","False","3","3794","results/phase1_5_shadow/full/qwen2.5-coder-14b/shadow_test/traces.jsonl","1","0","0.16666666666666669","0.2","1.0","0.0","0.0","fast_candidate","1","0","0","0.6353849172592163","0.0","0.16666666666666669","0.6353849172592163","0.16666666666666669","0.2","0.16666666666666669","0","0"
"arfa-qwen2.5-coder:14b-8k","shadow_test","intercode-nl2bash-fs2-045","False","3","3794","results/phase1_5_shadow/full/qwen2.5-coder-14b/shadow_test/traces.jsonl","2","0","0.0","0.0","1.0","0.0","0.0","fast_candidate","0","0","0","0.8988446369767189","0.0","0.0","0.8988446369767189","0.0","0.0","0.0","0","0"
"arfa-qwen2.5-coder:14b-8k","shadow_test","intercode-nl2bash-fs2-047","False","3","3346","results/phase1_5_shadow/full/qwen2.5-coder-14b/shadow_test/traces.jsonl","1","1","0.8750000000000001","1.0","1.0","0.0","0.0","reason","1","0","1","0.29765164852142334","0.0","0.8750000000000001","0.29765164852142334","0.8750000000000001","1.0","0.8750000000000001","1","1"
"arfa-qwen2.5-coder:14b-8k","shadow_test","intercode-nl2bash-fs2-047","False","3","3346","results/phase1_5_shadow/full/qwen2.5-coder-14b/shadow_test/traces.jsonl","2","0","0.0","0.0","1.0","0.0","0.0","fast_candidate","0","0","0","0.7179590463638306","0.0","0.0","0.7179590463638306","0.0","0.0","0.0","0","0"
"arfa-qwen2.5-coder:14b-8k","shadow_test","intercode-nl2bash-fs2-050","True","2","1977","results/phase1_5_shadow/full/qwen2.5-coder-14b/shadow_test/traces.jsonl","1","0","0.2","0.0","0.8888888888888888","0.0","0.0","fast_candidate","0","0","1","0.8869413137435913","0.0","0.2","0.8869413137435913","0.2","0.0","0.2","0",""
"arfa-qwen2.5-coder:14b-8k","shadow_test","intercode-nl2bash-fs3-009","False","3","3426","results/phase1_5_shadow/full/qwen2.5-coder-14b/shadow_test/traces.jsonl","1","1","0.7083333333333335","0.55","1.0","0.0","0.0","reason","0","0","1","0.9251731485128403","0.0","0.7083333333333335","0.9251731485128403","0.7083333333333335","0.55","0.7083333333333335","1","1"
"arfa-qwen2.5-coder:14b-8k","shadow_test","intercode-nl2bash-fs3-009","False","3","3426","results/phase1_5_shadow/full/qwen2.5-coder-14b/shadow_test/traces.jsonl","2","0","0.0","0.0","1.0","0.0","0.0","fast_candidate","0","0","0","0.4842405915260315","0.0","0.0","0.4842405915260315","0.0","0.0","0.0","0","0"
"arfa-qwen2.5-coder:14b-8k","shadow_test","intercode-nl2bash-fs3-012","False","4","5702","results/phase1_5_shadow/full/qwen2.5-coder-14b/shadow_test/traces.jsonl","1","0","0.0","0.0","1.0","0.0","0.0","fast_candidate","0","0","0","0.6502426862716675","0.0","0.0","0.6502426862716675","0.0","0.0","0.0","0","0"
"arfa-qwen2.5-coder:14b-8k","shadow_test","intercode-nl2bash-fs3-012","False","4","5702","results/phase1_5_shadow/full/qwen2.5-coder-14b/shadow_test/traces.jsonl","2","1","0.7083333333333335","0.75","1.0","0.0","0.0","reason","1","0","1","0.60666823387146","0.0","0.7083333333333335","0.60666823387146","0.7083333333333335","0.75","0.7083333333333335","1","0"
"arfa-qwen2.5-coder:14b-8k","shadow_test","intercode-nl2bash-fs3-012","False","4","5702","results/phase1_5_shadow/full/qwen2.5-coder-14b/shadow_test/traces.jsonl","3","0","0.16666666666666669","0.0","1.0","0.0","0.0","fast_candidate","0","0","1","1.0177229549735785","0.0","0.16666666666666669","1.0177229549735785","0.16666666666666669","0.0","0.16666666666666669","0","0"
"arfa-qwen2.5-coder:14b-8k","shadow_test","intercode-nl2bash-fs3-018","True","3","3527","results/phase1_5_shadow/full/qwen2.5-coder-14b/shadow_test/traces.jsonl","1","0","0.0","0.0","1.0","0.0","0.0","fast_candidate","0","0","0","0.6890076398849487","0.0","0.0","0.6890076398849487","0.0","0.0","0.0","0","0"
"arfa-qwen2.5-coder:14b-8k","shadow_test","intercode-nl2bash-fs3-018","True","3","3527","results/phase1_5_shadow/full/qwen2.5-coder-14b/shadow_test/traces.jsonl","2","0","0.0","0.0","0.9333333333333332","0.0","1.0","reason","0","0","0","0.8360594511032104","1.0","0.0","1.0","1.0","0.0","1.0","0","0"
"arfa-qwen2.5-coder:14b-8k","shadow_test","intercode-nl2bash-fs3-019","False","11","28355","results/phase1_5_shadow/full/qwen2.5-coder-14b/shadow_test/traces.jsonl","1","0","0.0","0.0","0.9666666666666667","0.0","0.0","fast_candidate","0","0","0","0.8651581406593323","0.0","0.0","0.8651581406593323","0.0","0.0","0.0","0","0"
"arfa-qwen2.5-coder:14b-8k","shadow_test","intercode-nl2bash-fs3-019","False","11","28355","results/phase1_5_shadow/full/qwen2.5-coder-14b/shadow_test/traces.jsonl","2","0","0.16666666666666669","0.0","0.9944444444444445","0.0","0.0","fast_candidate","0","0","0","0.764216274023056","0.0","0.16666666666666669","0.764216274023056","0.16666666666666669","0.0","0.16666666666666669","0","1"
"arfa-qwen2.5-coder:14b-8k","shadow_test","intercode-nl2bash-fs3-019","False","11","28355","results/phase1_5_shadow/full/qwen2.5-coder-14b/shadow_test/traces.jsonl","3","0","0.33333333333333337","0.0","1.0","0.0","1.0","reason","0","0","1","0.8653759807348251","1.0","0.33333333333333337","1.0","1.0","0.0","1.0","0","1"
"arfa-qwen2.5-coder:14b-8k","shadow_test","intercode-nl2bash-fs3-019","False","11","28355","results/phase1_5_shadow/full/qwen2.5-coder-14b/shadow_test/traces.jsonl","4","0","0.0","0.0","1.0","0.0","1.0","reason","0","0","0","0.5574120283126831","1.0","0.0","1.0","1.0","0.0","1.0","0","0"
"arfa-qwen2.5-coder:14b-8k","shadow_test","intercode-nl2bash-fs3-019","False","11","28355","results/phase1_5_shadow/full/qwen2.5-coder-14b/shadow_test/traces.jsonl","5","127","0.5416666666666667","1.0","1.0","0.0","0.0","reason","1","0","0","0.9921044558286667","0.0","0.5416666666666667","0.9921044558286667","0.5416666666666667","1.0","0.5416666666666667","1","0"
"arfa-qwen2.5-coder:14b-8k","shadow_test","intercode-nl2bash-fs3-019","False","11","28355","results/phase1_5_shadow/full/qwen2.5-coder-14b/shadow_test/traces.jsonl","6","0","0.0","0.0","1.0","0.0","0.0","fast_candidate","0","0","0","0.8578172922134399","0.0","0.0","0.8578172922134399","0.0","0.0","0.0","0","0"
"arfa-qwen2.5-coder:14b-8k","shadow_test","intercode-nl2bash-fs3-019","False","11","28355","results/phase1_5_shadow/full/qwen2.5-coder-14b/shadow_test/traces.jsonl","7","0","0.16666666666666669","0.0","1.0","0.0","0.0","fast_candidate","0","0","0","0.7589913606643677","0.0","0.16666666666666669","0.7589913606643677","0.16666666666666669","0.0","0.16666666666666669","0","1"
"arfa-qwen2.5-coder:14b-8k","shadow_test","intercode-nl2bash-fs3-019","False","11","28355","results/phase1_5_shadow/full/qwen2.5-coder-14b/shadow_test/traces.jsonl","8","0","0.33333333333333337","0.0","1.0","0.0","1.0","reason","0","0","1","0.8653759807348251","1.0","0.33333333333333337","1.0","1.0","0.0","1.0","0","1"
"arfa-qwen2.5-coder:14b-8k","shadow_test","intercode-nl2bash-fs3-019","False","11","28355","results/phase1_5_shadow/full/qwen2.5-coder-14b/shadow_test/traces.jsonl","9","0","0.0","0.0","1.0","0.0","1.0","reason","0","0","0","0.5574120283126831","1.0","0.0","1.0","1.0","0.0","1.0","0","0"
"arfa-qwen2.5-coder:14b-8k","shadow_test","intercode-nl2bash-fs3-019","False","11","28355","results/phase1_5_shadow/full/qwen2.5-coder-14b/shadow_test/traces.jsonl","10","0","0.0","0.0","1.0","0.0","0.0","fast_candidate","0","0","0","0.8578172922134399","0.0","0.0","0.8578172922134399","0.0","0.0","0.0","0","0"
"arfa-qwen2.5-coder:14b-8k","shadow_test","intercode-nl2bash-fs3-034","True","2","1895","results/phase1_5_shadow/full/qwen2.5-coder-14b/shadow_test/traces.jsonl","1","0","0.0","0.0","1.0","0.0","0.0","fast_candidate","0","0","0","0.4369444251060486","0.0","0.0","0.4369444251060486","0.0","0.0","0.0","0","0"
"arfa-qwen2.5-coder:14b-8k","shadow_test","intercode-nl2bash-fs3-037","False","3","3634","results/phase1_5_shadow/full/qwen2.5-coder-14b/shadow_test/traces.jsonl","1","0","0.0","0.0","1.0","0.0","0.0","fast_candidate","0","0","0","0.9365710914134979","0.0","0.0","0.9365710914134979","0.0","0.0","0.0","0","0"
"arfa-qwen2.5-coder:14b-8k","shadow_test","intercode-nl2bash-fs3-037","False","3","3634","results/phase1_5_shadow/full/qwen2.5-coder-14b/shadow_test/traces.jsonl","2","0","0.0","0.0","1.0","0.0","0.0","fast_candidate","0","0","0","0.8332070261240005","0.0","0.0","0.8332070261240005","0.0","0.0","0.0","0","0"
"arfa-qwen2.5-coder:14b-8k","shadow_test","intercode-nl2bash-fs3-038","False","3","3463","results/phase1_5_shadow/full/qwen2.5-coder-14b/shadow_test/traces.jsonl","1","0","0.0","0.0","1.0","0.0","0.0","fast_candidate","0","0","0","0.900603637099266","0.0","0.0","0.900603637099266","0.0","0.0","0.0","0","0"
"arfa-qwen2.5-coder:14b-8k","shadow_test","intercode-nl2bash-fs3-038","False","3","3463","results/phase1_5_shadow/full/qwen2.5-coder-14b/shadow_test/traces.jsonl","2","0","0.0","0.0","1.0","0.0","0.0","fast_candidate","0","0","0","0.9672708958387375","0.0","0.0","0.9672708958387375","0.0","0.0","0.0","0","0"
"arfa-qwen2.5-coder:14b-8k","shadow_test","intercode-nl2bash-fs3-039","False","2","1935","results/phase1_5_shadow/full/qwen2.5-coder-14b/shadow_test/traces.jsonl","1","0","0.0","0.0","1.0","0.0","0.0","fast_candidate","0","0","0","0.8012643158435822","0.0","0.0","0.8012643158435822","0.0","0.0","0.0","0","0"
"arfa-qwen2.5-coder:14b-8k","shadow_test","intercode-nl2bash-fs3-053","False","3","3222","results/phase1_5_shadow/full/qwen2.5-coder-14b/shadow_test/traces.jsonl","1","0","0.0","0.0","1.0","0.0","0.0","fast_candidate","0","0","0","0.8185098171234131","0.0","0.0","0.8185098171234131","0.0","0.0","0.0","0","0"
"arfa-qwen2.5-coder:14b-8k","shadow_test","intercode-nl2bash-fs3-053","False","3","3222","results/phase1_5_shadow/full/qwen2.5-coder-14b/shadow_test/traces.jsonl","2","0","0.0","0.0","1.0","0.0","0.0","fast_candidate","0","0","0","0.8858315348625183","0.0","0.0","0.8858315348625183","0.0","0.0","0.0","0","0"
"arfa-qwen2.5-coder:14b-8k","shadow_test","intercode-nl2bash-fs3-054","True","2","2317","results/phase1_5_shadow/full/qwen2.5-coder-14b/shadow_test/traces.jsonl","1","0","0.0","0.0","1.0","0.0","0.0","fast_candidate","0","0","0","0.5627221465110779","0.0","0.0","0.5627221465110779","0.0","0.0","0.0","0","0"
"arfa-qwen2.5-coder:14b-8k","shadow_test","intercode-nl2bash-fs4-002","False","8","21925","results/phase1_5_shadow/full/qwen2.5-coder-14b/shadow_test/traces.jsonl","1","1","0.5416666666666667","0.55","0.8555555555555555","0.0","0.0","reason","0","0","0","0.8259992897510529","0.0","0.5416666666666667","0.8259992897510529","0.5416666666666667","0.55","0.5416666666666667","1","1"
"arfa-qwen2.5-coder:14b-8k","shadow_test","intercode-nl2bash-fs4-002","False","8","21925","results/phase1_5_shadow/full/qwen2.5-coder-14b/shadow_test/traces.jsonl","2","0","0.16666666666666669","0.0","0.9055555555555556","0.0","0.0","fast_candidate","0","0","0","0.7819006741046906","0.0","0.16666666666666669","0.7819006741046906","0.16666666666666669","0.0","0.16666666666666669","0","1"
"arfa-qwen2.5-coder:14b-8k","shadow_test","intercode-nl2bash-fs4-002","False","8","21925","results/phase1_5_shadow/full/qwen2.5-coder-14b/shadow_test/traces.jsonl","3","0","0.0","0.0","0.8722222222222222","0.0","0.0","fast_candidate","0","0","0","0.6946491003036499","0.0","0.0","0.6946491003036499","0.0","0.0","0.0","0","0"
"arfa-qwen2.5-coder:14b-8k","shadow_test","intercode-nl2bash-fs4-002","False","8","21925","results/phase1_5_shadow/full/qwen2.5-coder-14b/shadow_test/traces.jsonl","4","0","0.16666666666666669","0.0","0.9055555555555556","0.0","0.0","fast_candidate","0","0","0","0.7819006741046906","0.0","0.16666666666666669","0.7819006741046906","0.16666666666666669","0.0","0.16666666666666669","0","1"
"arfa-qwen2.5-coder:14b-8k","shadow_test","intercode-nl2bash-fs4-002","False","8","21925","results/phase1_5_shadow/full/qwen2.5-coder-14b/shadow_test/traces.jsonl","5","0","0.0","0.0","0.8722222222222222","0.0","0.0","fast_candidate","0","0","0","0.6946491003036499","0.0","0.0","0.6946491003036499","0.0","0.0","0.0","0","0"
"arfa-qwen2.5-coder:14b-8k","shadow_test","intercode-nl2bash-fs4-002","False","8","21925","results/phase1_5_shadow/full/qwen2.5-coder-14b/shadow_test/traces.jsonl","6","0","0.16666666666666669","0.0","0.9055555555555556","0.0","0.0","fast_candidate","0","0","0","0.7819006741046906","0.0","0.16666666666666669","0.7819006741046906","0.16666666666666669","0.0","0.16666666666666669","0","1"
"arfa-qwen2.5-coder:14b-8k","shadow_test","intercode-nl2bash-fs4-002","False","8","21925","results/phase1_5_shadow/full/qwen2.5-coder-14b/shadow_test/traces.jsonl","7","0","0.0","0.0","0.8722222222222222","0.0","0.0","fast_candidate","0","0","0","0.6965664327144623","0.0","0.0","0.6965664327144623","0.0","0.0","0.0","0","0"
"arfa-qwen2.5-coder:14b-8k","shadow_test","intercode-nl2bash-fs4-011","False","3","3224","results/phase1_5_shadow/full/qwen2.5-coder-14b/shadow_test/traces.jsonl","1","1","0.7083333333333335","0.55","0.8888888888888888","0.0","1.0","reason","0","0","1","1.031372345983982","1.0","0.7083333333333335","1.031372345983982","1.0","0.55","1.0","1","1"
"arfa-qwen2.5-coder:14b-8k","shadow_test","intercode-nl2bash-fs4-011","False","3","3224","results/phase1_5_shadow/full/qwen2.5-coder-14b/shadow_test/traces.jsonl","2","1","0.65","0.55","0.8888888888888888","0.0","1.0","reason","0","0","1","0.9243441522121429","1.0","0.65","1.0","1.0","0.55","1.0","1",""
"arfa-qwen2.5-coder:14b-8k","shadow_test","intercode-nl2bash-fs4-017","False","2","1837","results/phase1_5_shadow/full/qwen2.5-coder-14b/shadow_test/traces.jsonl","1","0","0.0","0.0","0.9555555555555556","0.0","0.0","fast_candidate","0","0","0","0.7513808608055115","0.0","0.0","0.7513808608055115","0.0","0.0","0.0","0","0"
"arfa-qwen2.5-coder:14b-8k","shadow_test","intercode-nl2bash-fs4-021","False","5","9170","results/phase1_5_shadow/full/qwen2.5-coder-14b/shadow_test/traces.jsonl","1","0","0.5000000000000001","0.2","1.0","0.0","0.0","reason","1","0","1","0.6305653750896454","0.0","0.5000000000000001","0.6305653750896454","0.5000000000000001","0.2","0.5000000000000001","0","1"
"arfa-qwen2.5-coder:14b-8k","shadow_test","intercode-nl2bash-fs4-021","False","5","9170","results/phase1_5_shadow/full/qwen2.5-coder-14b/shadow_test/traces.jsonl","2","0","0.5000000000000001","0.2","1.0","0.0","0.0","reason","1","0","1","0.6370993852615356","0.0","0.5000000000000001","0.6370993852615356","0.5000000000000001","0.2","0.5000000000000001","0","1"
"arfa-qwen2.5-coder:14b-8k","shadow_test","intercode-nl2bash-fs4-021","False","5","9170","results/phase1_5_shadow/full/qwen2.5-coder-14b/shadow_test/traces.jsonl","3","0","0.5000000000000001","0.2","1.0","0.0","0.0","reason","1","0","1","0.6370993852615356","0.0","0.5000000000000001","0.6370993852615356","0.5000000000000001","0.2","0.5000000000000001","0","1"
"arfa-qwen2.5-coder:14b-8k","shadow_test","intercode-nl2bash-fs4-021","False","5","9170","results/phase1_5_shadow/full/qwen2.5-coder-14b/shadow_test/traces.jsonl","4","0","0.5000000000000001","0.2","1.0","0.0","0.0","reason","1","0","1","0.6370993852615356","0.0","0.5000000000000001","0.6370993852615356","0.5000000000000001","0.2","0.5000000000000001","0","1"
"arfa-qwen2.5-coder:14b-8k","shadow_test","intercode-nl2bash-fs4-026","True","2","1835","results/phase1_5_shadow/full/qwen2.5-coder-14b/shadow_test/traces.jsonl","1","0","0.0","0.0","0.9888888888888889","0.0","0.0","fast_candidate","0","0","0","0.7726151943206787","0.0","0.0","0.7726151943206787","0.0","0.0","0.0","0","0"
"arfa-qwen2.5-coder:14b-8k","shadow_validation","intercode-nl2bash-fs1-033","True","2","1893","results/phase1_5_shadow/full/qwen2.5-coder-14b/shadow_validation/traces.jsonl","1","0","0.0","0.0","1.0","0.0","0.0","fast_candidate","0","0","0","0.8341011852025986","0.0","0.0","0.8341011852025986","0.0","0.0","0.0","0","0"
"arfa-qwen2.5-coder:14b-8k","shadow_validation","intercode-nl2bash-fs1-048","False","2","2331","results/phase1_5_shadow/full/qwen2.5-coder-14b/shadow_validation/traces.jsonl","1","0","0.0","0.0","1.0","0.0","0.0","fast_candidate","0","0","0","0.6617834270000458","0.0","0.0","0.6617834270000458","0.0","0.0","0.0","0","0"
"arfa-qwen2.5-coder:14b-8k","shadow_validation","intercode-nl2bash-fs1-050","False","2","2318","results/phase1_5_shadow/full/qwen2.5-coder-14b/shadow_validation/traces.jsonl","1","0","0.0","0.0","1.0","0.0","0.0","fast_candidate","0","0","0","0.5465712249279022","0.0","0.0","0.5465712249279022","0.0","0.0","0.0","0","0"
"arfa-qwen2.5-coder:14b-8k","shadow_validation","intercode-nl2bash-fs1-055","False","3","3499","results/phase1_5_shadow/full/qwen2.5-coder-14b/shadow_validation/traces.jsonl","1","0","0.0","0.0","1.0","0.0","0.0","fast_candidate","0","0","0","0.7729852348566055","0.0","0.0","0.7729852348566055","0.0","0.0","0.0","0","0"
"arfa-qwen2.5-coder:14b-8k","shadow_validation","intercode-nl2bash-fs1-055","False","3","3499","results/phase1_5_shadow/full/qwen2.5-coder-14b/shadow_validation/traces.jsonl","2","0","0.0","0.0","1.0","0.0","0.0","fast_candidate","0","0","0","0.7827989161014557","0.0","0.0","0.7827989161014557","0.0","0.0","0.0","0","0"
"arfa-qwen2.5-coder:14b-8k","shadow_validation","intercode-nl2bash-fs2-000","True","2","2206","results/phase1_5_shadow/full/qwen2.5-coder-14b/shadow_validation/traces.jsonl","1","0","0.0","0.0","1.0","0.0","0.0","fast_candidate","0","0","0","0.4596695899963379","0.0","0.0","0.4596695899963379","0.0","0.0","0.0","0","0"
"arfa-qwen2.5-coder:14b-8k","shadow_validation","intercode-nl2bash-fs2-029","False","2","1968","results/phase1_5_shadow/full/qwen2.5-coder-14b/shadow_validation/traces.jsonl","1","2","0.5714285714285715","1.0","0.6666666666666666","0.0","1.0","reason","","0","1","0.6519314050674438","1.0","0.5714285714285715","1.0","1.0","1.0","1.0","",""
"arfa-qwen2.5-coder:14b-8k","shadow_validation","intercode-nl2bash-fs2-034","False","3","3848","results/phase1_5_shadow/full/qwen2.5-coder-14b/shadow_validation/traces.jsonl","1","0","0.0","0.0","1.0","0.0","0.0","fast_candidate","0","0","0","0.676992654800415","0.0","0.0","0.676992654800415","0.0","0.0","0.0","0","0"
"arfa-qwen2.5-coder:14b-8k","shadow_validation","intercode-nl2bash-fs2-034","False","3","3848","results/phase1_5_shadow/full/qwen2.5-coder-14b/shadow_validation/traces.jsonl","2","0","0.16666666666666669","0.0","1.0","0.0","0.0","fast_candidate","0","0","1","0.9166255295276642","0.0","0.16666666666666669","0.9166255295276642","0.16666666666666669","0.0","0.16666666666666669","0","0"
"arfa-qwen2.5-coder:14b-8k","shadow_validation","intercode-nl2bash-fs2-038","True","2","2239","results/phase1_5_shadow/full/qwen2.5-coder-14b/shadow_validation/traces.jsonl","1","0","0.0","0.0","1.0","0.0","0.0","fast_candidate","0","0","0","0.7132420539855957","0.0","0.0","0.7132420539855957","0.0","0.0","0.0","0","0"
"arfa-qwen2.5-coder:14b-8k","shadow_validation","intercode-nl2bash-fs2-043","False","6","12574","results/phase1_5_shadow/full/qwen2.5-coder-14b/shadow_validation/traces.jsonl","1","0","0.0","0.0","1.0","0.0","0.0","fast_candidate","0","0","0","0.8126400113105774","0.0","0.0","0.8126400113105774","0.0","0.0","0.0","0","0"
"arfa-qwen2.5-coder:14b-8k","shadow_validation","intercode-nl2bash-fs2-043","False","6","12574","results/phase1_5_shadow/full/qwen2.5-coder-14b/shadow_validation/traces.jsonl","2","1","0.5416666666666667","0.75","1.0","0.0","0.0","reason","1","0","0","0.3312827944755554","0.0","0.5416666666666667","0.3312827944755554","0.5416666666666667","0.75","0.5416666666666667","1","0"
"arfa-qwen2.5-coder:14b-8k","shadow_validation","intercode-nl2bash-fs2-043","False","6","12574","results/phase1_5_shadow/full/qwen2.5-coder-14b/shadow_validation/traces.jsonl","3","1","0.5416666666666667","0.75","1.0","0.0","0.0","reason","1","0","0","0.37578117847442627","0.0","0.5416666666666667","0.37578117847442627","0.5416666666666667","0.75","0.5416666666666667","1","0"
"arfa-qwen2.5-coder:14b-8k","shadow_validation","intercode-nl2bash-fs2-043","False","6","12574","results/phase1_5_shadow/full/qwen2.5-coder-14b/shadow_validation/traces.jsonl","4","1","0.5416666666666667","0.75","1.0","0.0","0.0","reason","1","0","0","0.34771984815597534","0.0","0.5416666666666667","0.34771984815597534","0.5416666666666667","0.75","0.5416666666666667","1","0"
"arfa-qwen2.5-coder:14b-8k","shadow_validation","intercode-nl2bash-fs2-043","False","6","12574","results/phase1_5_shadow/full/qwen2.5-coder-14b/shadow_validation/traces.jsonl","5","1","0.5416666666666667","0.75","1.0","0.0","0.0","reason","1","0","0","0.34771984815597534","0.0","0.5416666666666667","0.34771984815597534","0.5416666666666667","0.75","0.5416666666666667","1","0"
"arfa-qwen2.5-coder:14b-8k","shadow_validation","intercode-nl2bash-fs2-051","False","3","7062","results/phase1_5_shadow/full/qwen2.5-coder-14b/shadow_validation/traces.jsonl","1","0","0.0","0.0","1.0","0.0","0.0","fast_candidate","0","0","0","0.6356976628303528","0.0","0.0","0.6356976628303528","0.0","0.0","0.0","0","0"
"arfa-qwen2.5-coder:14b-8k","shadow_validation","intercode-nl2bash-fs2-051","False","3","7062","results/phase1_5_shadow/full/qwen2.5-coder-14b/shadow_validation/traces.jsonl","2","0","0.0","0.0","0.8833333333333333","0.0","0.0","fast_candidate","0","0","0","0.8502227365970612","0.0","0.0","0.8502227365970612","0.0","0.0","0.0","0","0"
"arfa-qwen2.5-coder:14b-8k","shadow_validation","intercode-nl2bash-fs3-000","False","4","5808","results/phase1_5_shadow/full/qwen2.5-coder-14b/shadow_validation/traces.jsonl","1","0","0.33333333333333337","0.0","1.0","0.0","0.0","fast_candidate","0","0","1","0.9949210435152054","0.0","0.33333333333333337","0.9949210435152054","0.33333333333333337","0.0","0.33333333333333337","0","1"
"arfa-qwen2.5-coder:14b-8k","shadow_validation","intercode-nl2bash-fs3-000","False","4","5808","results/phase1_5_shadow/full/qwen2.5-coder-14b/shadow_validation/traces.jsonl","2","0","0.0","0.0","1.0","0.0","0.0","fast_candidate","0","0","0","0.6753351092338562","0.0","0.0","0.6753351092338562","0.0","0.0","0.0","0","0"
"arfa-qwen2.5-coder:14b-8k","shadow_validation","intercode-nl2bash-fs3-000","False","4","5808","results/phase1_5_shadow/full/qwen2.5-coder-14b/shadow_validation/traces.jsonl","3","0","0.33333333333333337","0.0","1.0","0.0","0.0","fast_candidate","0","0","1","0.9949210435152054","0.0","0.33333333333333337","0.9949210435152054","0.33333333333333337","0.0","0.33333333333333337","0","1"
"arfa-qwen2.5-coder:14b-8k","shadow_validation","intercode-nl2bash-fs3-010","False","2","1872","results/phase1_5_shadow/full/qwen2.5-coder-14b/shadow_validation/traces.jsonl","1","0","0.0","0.0","1.0","0.0","0.0","fast_candidate","0","0","0","0.6668577194213867","0.0","0.0","0.6668577194213867","0.0","0.0","0.0","0","0"
"arfa-qwen2.5-coder:14b-8k","shadow_validation","intercode-nl2bash-fs3-014","False","2","1996","results/phase1_5_shadow/full/qwen2.5-coder-14b/shadow_validation/traces.jsonl","1","0","0.0","0.0","1.0","0.0","0.0","fast_candidate","0","0","0","0.614804744720459","0.0","0.0","0.614804744720459","0.0","0.0","0.0","0","0"
"arfa-qwen2.5-coder:14b-8k","shadow_validation","intercode-nl2bash-fs3-040","True","2","2032","results/phase1_5_shadow/full/qwen2.5-coder-14b/shadow_validation/traces.jsonl","1","0","0.0","0.0","1.0","0.0","0.0","fast_candidate","0","0","0","0.8012643158435822","0.0","0.0","0.8012643158435822","0.0","0.0","0.0","0","0"
"arfa-qwen2.5-coder:14b-8k","shadow_validation","intercode-nl2bash-fs3-050","True","2","1839","results/phase1_5_shadow/full/qwen2.5-coder-14b/shadow_validation/traces.jsonl","1","0","0.0","0.0","1.0","0.0","0.0","fast_candidate","0","0","0","0.6416712999343872","0.0","0.0","0.6416712999343872","0.0","0.0","0.0","0","0"
"arfa-qwen2.5-coder:14b-8k","shadow_validation","intercode-nl2bash-fs3-056","False","5","9306","results/phase1_5_shadow/full/qwen2.5-coder-14b/shadow_validation/traces.jsonl","1","1","0.7083333333333335","0.75","1.0","0.0","0.0","reason","1","0","1","0.670277327299118","0.0","0.7083333333333335","0.670277327299118","0.7083333333333335","0.75","0.7083333333333335","1","0"
"arfa-qwen2.5-coder:14b-8k","shadow_validation","intercode-nl2bash-fs3-056","False","5","9306","results/phase1_5_shadow/full/qwen2.5-coder-14b/shadow_validation/traces.jsonl","2","1","0.7083333333333335","0.75","1.0","0.0","0.0","reason","1","0","1","0.6729890704154968","0.0","0.7083333333333335","0.6729890704154968","0.7083333333333335","0.75","0.7083333333333335","1","0"
"arfa-qwen2.5-coder:14b-8k","shadow_validation","intercode-nl2bash-fs3-056","False","5","9306","results/phase1_5_shadow/full/qwen2.5-coder-14b/shadow_validation/traces.jsonl","3","1","0.7083333333333335","0.75","1.0","0.0","0.0","reason","1","0","1","0.6982240378856659","0.0","0.7083333333333335","0.6982240378856659","0.7083333333333335","0.75","0.7083333333333335","1","0"
"arfa-qwen2.5-coder:14b-8k","shadow_validation","intercode-nl2bash-fs3-056","False","5","9306","results/phase1_5_shadow/full/qwen2.5-coder-14b/shadow_validation/traces.jsonl","4","0","0.16666666666666669","0.0","1.0","0.0","0.0","fast_candidate","0","0","1","1.0153289269655943","0.0","0.16666666666666669","1.0153289269655943","0.16666666666666669","0.0","0.16666666666666669","0","0"
"arfa-qwen2.5-coder:14b-8k","shadow_validation","intercode-nl2bash-fs3-057","True","2","1870","results/phase1_5_shadow/full/qwen2.5-coder-14b/shadow_validation/traces.jsonl","1","0","0.0","0.0","1.0","0.0","0.0","fast_candidate","0","0","0","0.8632740676403046","0.0","0.0","0.8632740676403046","0.0","0.0","0.0","0","0"
"arfa-qwen2.5-coder:14b-8k","shadow_validation","intercode-nl2bash-fs3-059","False","7","13193","results/phase1_5_shadow/full/qwen2.5-coder-14b/shadow_validation/traces.jsonl","1","0","0.0","0.0","1.0","0.0","0.0","fast_candidate","0","0","0","0.6654048562049866","0.0","0.0","0.6654048562049866","0.0","0.0","0.0","0","0"
"arfa-qwen2.5-coder:14b-8k","shadow_validation","intercode-nl2bash-fs3-059","False","7","13193","results/phase1_5_shadow/full/qwen2.5-coder-14b/shadow_validation/traces.jsonl","2","0","0.0","0.0","1.0","0.0","0.0","fast_candidate","0","0","0","0.23767787218093872","0.0","0.0","0.23767787218093872","0.0","0.0","0.0","0","0"
"arfa-qwen2.5-coder:14b-8k","shadow_validation","intercode-nl2bash-fs3-059","False","7","13193","results/phase1_5_shadow/full/qwen2.5-coder-14b/shadow_validation/traces.jsonl","3","1","0.5416666666666667","1.0","1.0","0.0","0.0","reason","1","0","0","0.20307844877243042","0.0","0.5416666666666667","0.20307844877243042","0.5416666666666667","1.0","0.5416666666666667","1","0"
"arfa-qwen2.5-coder:14b-8k","shadow_validation","intercode-nl2bash-fs3-059","False","7","13193","results/phase1_5_shadow/full/qwen2.5-coder-14b/shadow_validation/traces.jsonl","4","0","0.0","0.0","1.0","0.0","1.0","reason","0","0","0","0.579611599445343","1.0","0.0","1.0","1.0","0.0","1.0","0","0"
"arfa-qwen2.5-coder:14b-8k","shadow_validation","intercode-nl2bash-fs3-059","False","7","13193","results/phase1_5_shadow/full/qwen2.5-coder-14b/shadow_validation/traces.jsonl","5","0","0.0","0.0","1.0","0.0","0.0","fast_candidate","0","0","0","0.6539695262908936","0.0","0.0","0.6539695262908936","0.0","0.0","0.0","0","0"
"arfa-qwen2.5-coder:14b-8k","shadow_validation","intercode-nl2bash-fs3-059","False","7","13193","results/phase1_5_shadow/full/qwen2.5-coder-14b/shadow_validation/traces.jsonl","6","0","0.0","0.0","1.0","0.0","0.0","fast_candidate","0","0","0","0.22079694271087646","0.0","0.0","0.22079694271087646","0.0","0.0","0.0","0","0"
"arfa-qwen2.5-coder:14b-8k","shadow_validation","intercode-nl2bash-fs4-013","True","2","1765","results/phase1_5_shadow/full/qwen2.5-coder-14b/shadow_validation/traces.jsonl","1","0","0.0","0.0","0.8222222222222223","0.0","0.0","fast_candidate","0","0","0","0.45514756441116333","0.0","0.0","0.45514756441116333","0.0","0.0","0.0","0","0"
"arfa-qwen2.5-coder:14b-8k","shadow_validation","intercode-nl2bash-fs4-022","True","2","1858","results/phase1_5_shadow/full/qwen2.5-coder-14b/shadow_validation/traces.jsonl","1","0","0.0","0.0","1.0","0.0","0.0","fast_candidate","0","0","0","0.7713956385850906","0.0","0.0","0.7713956385850906","0.0","0.0","0.0","0","0"
"arfa-qwen2.5-coder:7b-8k","shadow_development","intercode-nl2bash-fs1-014","False","4","6524","results/phase1_5_shadow/full/qwen2.5-coder-7b/shadow_development/traces.jsonl","1","0","0.0","0.0","0.8888888888888888","0.0","1.0","reason","0","0","0","0.5198496878147125","1.0","0.0","1.0","1.0","0.0","1.0","","0"
"arfa-qwen2.5-coder:7b-8k","shadow_development","intercode-nl2bash-fs1-014","False","4","6524","results/phase1_5_shadow/full/qwen2.5-coder-7b/shadow_development/traces.jsonl","2","1","0.8750000000000001","1.0","1.0","1.0","1.0","reason","1","0","1","0.666329026222229","1.0","0.8750000000000001","1.0","1.0","1.0","1.0","1","1"
"arfa-qwen2.5-coder:7b-8k","shadow_development","intercode-nl2bash-fs1-014","False","4","6524","results/phase1_5_shadow/full/qwen2.5-coder-7b/shadow_development/traces.jsonl","3","0","0.0","0.0","1.0","1.0","1.0","reason","0","0","0","0.8313331305980682","1.0","0.0","1.0","1.0","1.0","1.0","0","0"
"arfa-qwen2.5-coder:7b-8k","shadow_development","intercode-nl2bash-fs1-015","False","6","12608","results/phase1_5_shadow/full/qwen2.5-coder-7b/shadow_development/traces.jsonl","1","0","0.5333333333333333","0.0","0.8888888888888888","0.0","0.0","reason","0","0","1","0.9169843941926956","0.0","0.5333333333333333","0.9169843941926956","0.5333333333333333","0.0","0.5333333333333333","","1"
"arfa-qwen2.5-coder:7b-8k","shadow_development","intercode-nl2bash-fs1-015","False","6","12608","results/phase1_5_shadow/full/qwen2.5-coder-7b/shadow_development/traces.jsonl","2","1","0.5416666666666667","0.75","0.9777777777777779","0.0","0.0","reason","1","0","0","0.6787630021572113","0.0","0.5416666666666667","0.6787630021572113","0.5416666666666667","0.75","0.5416666666666667","1","0"
"arfa-qwen2.5-coder:7b-8k","shadow_development","intercode-nl2bash-fs1-015","False","6","12608","results/phase1_5_shadow/full/qwen2.5-coder-7b/shadow_development/traces.jsonl","3","127","0.5416666666666667","1.0","1.0","0.0","0.0","reason","1","0","0","0.6044044494628906","0.0","0.5416666666666667","0.6044044494628906","0.5416666666666667","1.0","0.5416666666666667","1","0"
"arfa-qwen2.5-coder:7b-8k","shadow_development","intercode-nl2bash-fs1-015","False","6","12608","results/phase1_5_shadow/full/qwen2.5-coder-7b/shadow_development/traces.jsonl","4","123","0.5416666666666667","0.75","1.0","0.0","0.0","reason","1","0","0","0.45913422107696533","0.0","0.5416666666666667","0.45913422107696533","0.5416666666666667","0.75","0.5416666666666667","1","0"
"arfa-qwen2.5-coder:7b-8k","shadow_development","intercode-nl2bash-fs1-015","False","6","12608","results/phase1_5_shadow/full/qwen2.5-coder-7b/shadow_development/traces.jsonl","5","123","0.5416666666666667","0.75","1.0","0.0","0.0","reason","1","0","0","0.45913422107696533","0.0","0.5416666666666667","0.45913422107696533","0.5416666666666667","0.75","0.5416666666666667","1","0"
"arfa-qwen2.5-coder:7b-8k","shadow_development","intercode-nl2bash-fs1-021","False","2","1843","results/phase1_5_shadow/full/qwen2.5-coder-7b/shadow_development/traces.jsonl","1","0","0.0","0.0","0.8888888888888888","0.0","0.0","fast_candidate","0","0","0","0.6146904230117798","0.0","0.0","0.6146904230117798","0.0","0.0","0.0","","0"
"arfa-qwen2.5-coder:7b-8k","shadow_development","intercode-nl2bash-fs1-029","True","2","1904","results/phase1_5_shadow/full/qwen2.5-coder-7b/shadow_development/traces.jsonl","1","0","0.0","0.0","0.8888888888888888","0.0","0.0","fast_candidate","0","0","0","0.8073961436748505","0.0","0.0","0.8073961436748505","0.0","0.0","0.0","","0"
"arfa-qwen2.5-coder:7b-8k","shadow_development","intercode-nl2bash-fs1-034","True","3","3247","results/phase1_5_shadow/full/qwen2.5-coder-7b/shadow_development/traces.jsonl","1","0","0.0","0.0","0.8055555555555555","0.0","1.0","reason","0","0","0","0.4546020030975342","1.0","0.0","1.0","1.0","0.0","1.0","","0"
"arfa-qwen2.5-coder:7b-8k","shadow_development","intercode-nl2bash-fs1-034","True","3","3247","results/phase1_5_shadow/full/qwen2.5-coder-7b/shadow_development/traces.jsonl","2","0","0.0","0.0","0.9444444444444445","0.0","0.0","fast_candidate","0","0","0","0.6966261863708496","0.0","0.0","0.6966261863708496","0.0","0.0","0.0","0","0"
"arfa-qwen2.5-coder:7b-8k","shadow_development","intercode-nl2bash-fs1-038","False","3","3552","results/phase1_5_shadow/full/qwen2.5-coder-7b/shadow_development/traces.jsonl","1","0","0.8000000000000002","0.45","0.8888888888888888","0.0","0.0","reason","1","0","1","0.7468858063220978","0.0","0.8000000000000002","0.7468858063220978","0.8000000000000002","0.45","0.8000000000000002","","1"
"arfa-qwen2.5-coder:7b-8k","shadow_development","intercode-nl2bash-fs1-038","False","3","3552","results/phase1_5_shadow/full/qwen2.5-coder-7b/shadow_development/traces.jsonl","2","2","0.5333333333333333","1.0","0.8666666666666667","0.0","1.0","reason","0","0","1","0.6086180806159973","1.0","0.5333333333333333","1.0","1.0","1.0","1.0","","1"
"arfa-qwen2.5-coder:7b-8k","shadow_development","intercode-nl2bash-fs1-040","False","5","7225","results/phase1_5_shadow/full/qwen2.5-coder-7b/shadow_development/traces.jsonl","1","0","0.0","0.0","0.8888888888888888","0.0","1.0","reason","0","0","0","0.5893815159797668","1.0","0.0","1.0","1.0","0.0","1.0","","0"
"arfa-qwen2.5-coder:7b-8k","shadow_development","intercode-nl2bash-fs1-040","False","5","7225","results/phase1_5_shadow/full/qwen2.5-coder-7b/shadow_development/traces.jsonl","2","0","0.5333333333333333","0.0","0.8055555555555555","0.0","1.0","reason","0","0","1","0.8115109205245972","1.0","0.5333333333333333","1.0","1.0","0.0","1.0","","1"
"arfa-qwen2.5-coder:7b-8k","shadow_development","intercode-nl2bash-fs1-040","False","5","7225","results/phase1_5_shadow/full/qwen2.5-coder-7b/shadow_development/traces.jsonl","3","0","0.5333333333333333","0.0","0.8555555555555555","0.0","1.0","reason","0","0","1","0.4810447096824646","1.0","0.5333333333333333","1.0","1.0","0.0","1.0","","1"
"arfa-qwen2.5-coder:7b-8k","shadow_development","intercode-nl2bash-fs1-040","False","5","7225","results/phase1_5_shadow/full/qwen2.5-coder-7b/shadow_development/traces.jsonl","4","0","0.5333333333333333","0.0","0.8555555555555555","0.0","1.0","reason","0","0","1","0.4810447096824646","1.0","0.5333333333333333","1.0","1.0","0.0","1.0","","1"
"arfa-qwen2.5-coder:7b-8k","shadow_development","intercode-nl2bash-fs1-045","False","2","2129","results/phase1_5_shadow/full/qwen2.5-coder-7b/shadow_development/traces.jsonl","1","0","0.0","0.0","0.8888888888888888","0.0","0.0","fast_candidate","0","0","0","0.4201250672340393","0.0","0.0","0.4201250672340393","0.0","0.0","0.0","","0"
"arfa-qwen2.5-coder:7b-8k","shadow_development","intercode-nl2bash-fs1-052","False","2","1871","results/phase1_5_shadow/full/qwen2.5-coder-7b/shadow_development/traces.jsonl","1","0","0.0","0.0","0.8888888888888888","0.0","0.0","fast_candidate","0","0","0","0.5748977363109589","0.0","0.0","0.5748977363109589","0.0","0.0","0.0","","0"
"arfa-qwen2.5-coder:7b-8k","shadow_development","intercode-nl2bash-fs2-005","False","6","15900","results/phase1_5_shadow/full/qwen2.5-coder-7b/shadow_development/traces.jsonl","1","123","0.0","1.0","0.6666666666666666","0.0","0.0","reason","","0","0","0.32255035638809204","1.0","0.0","1.0","1.0","1.0","1.0","",""
"arfa-qwen2.5-coder:7b-8k","shadow_development","intercode-nl2bash-fs2-005","False","6","15900","results/phase1_5_shadow/full/qwen2.5-coder-7b/shadow_development/traces.jsonl","2","123","0.0","1.0","0.6666666666666666","0.0","0.0","reason","","0","0","0.30954521894454956","1.0","0.0","1.0","1.0","1.0","1.0","",""
"arfa-qwen2.5-coder:7b-8k","shadow_development","intercode-nl2bash-fs2-005","False","6","15900","results/phase1_5_shadow/full/qwen2.5-coder-7b/shadow_development/traces.jsonl","3","0","0.0","0.45","0.6666666666666666","0.0","0.0","reason","","0","0","0.40192103385925293","1.0","0.0","1.0","1.0","0.45","1.0","",""
"arfa-qwen2.5-coder:7b-8k","shadow_development","intercode-nl2bash-fs2-005","False","6","15900","results/phase1_5_shadow/full/qwen2.5-coder-7b/shadow_development/traces.jsonl","4","0","0.0","0.45","0.7777777777777777","0.0","0.0","fast_candidate","","0","0","0.3922297954559326","0.0","0.0","0.3922297954559326","0.0","0.45","0.0","0",""
"arfa-qwen2.5-coder:7b-8k","shadow_development","intercode-nl2bash-fs2-005","False","6","15900","results/phase1_5_shadow/full/qwen2.5-coder-7b/shadow_development/traces.jsonl","5","0","0.0","0.45","0.7777777777777777","0.0","0.0","fast_candidate","","0","0","0.3922297954559326","0.0","0.0","0.3922297954559326","0.0","0.45","0.0","0",""
"arfa-qwen2.5-coder:7b-8k","shadow_development","intercode-nl2bash-fs2-007","False","4","5627","results/phase1_5_shadow/full/qwen2.5-coder-7b/shadow_development/traces.jsonl","1","1","0.26666666666666666","0.55","0.8888888888888888","0.0","0.0","fast_candidate","0","0","0","0.6163440048694611","0.0","0.26666666666666666","0.6163440048694611","0.26666666666666666","0.55","0.26666666666666666","","1"
"arfa-qwen2.5-coder:7b-8k","shadow_development","intercode-nl2bash-fs2-007","False","4","5627","results/phase1_5_shadow/full/qwen2.5-coder-7b/shadow_development/traces.jsonl","2","0","0.33333333333333337","0.0","0.9500000000000001","0.0","0.0","fast_candidate","0","0","1","0.7798628956079483","0.0","0.33333333333333337","0.7798628956079483","0.33333333333333337","0.0","0.33333333333333337","0","1"
"arfa-qwen2.5-coder:7b-8k","shadow_development","intercode-nl2bash-fs2-007","False","4","5627","results/phase1_5_shadow/full/qwen2.5-coder-7b/shadow_development/traces.jsonl","3","0","0.16666666666666669","0.0","1.0","0.0","0.0","fast_candidate","0","0","1","0.7951778471469879","0.0","0.16666666666666669","0.7951778471469879","0.16666666666666669","0.0","0.16666666666666669","0","0"
"arfa-qwen2.5-coder:7b-8k","shadow_development","intercode-nl2bash-fs2-016","False","2","1889","results/phase1_5_shadow/full/qwen2.5-coder-7b/shadow_development/traces.jsonl","1","0","0.0","0.0","0.8888888888888888","0.0","0.0","fast_candidate","0","0","0","0.7131641209125519","0.0","0.0","0.7131641209125519","0.0","0.0","0.0","","0"
"arfa-qwen2.5-coder:7b-8k","shadow_development","intercode-nl2bash-fs2-022","False","3","3419","results/phase1_5_shadow/full/qwen2.5-coder-7b/shadow_development/traces.jsonl","1","0","0.16666666666666669","0.0","1.0","0.0","0.0","fast_candidate","0","0","1","0.79818195104599","0.0","0.16666666666666669","0.79818195104599","0.16666666666666669","0.0","0.16666666666666669","0","0"
"arfa-qwen2.5-coder:7b-8k","shadow_development","intercode-nl2bash-fs2-022","False","3","3419","results/phase1_5_shadow/full/qwen2.5-coder-7b/shadow_development/traces.jsonl","2","0","0.0","0.0","1.0","1.0","1.0","reason","0","0","0","0.6594433188438416","1.0","0.0","1.0","1.0","1.0","1.0","0","0"
"arfa-qwen2.5-coder:7b-8k","shadow_development","intercode-nl2bash-fs2-026","True","2","2004","results/phase1_5_shadow/full/qwen2.5-coder-7b/shadow_development/traces.jsonl","1","0","0.0","0.0","0.8888888888888888","0.0","0.0","fast_candidate","0","0","0","0.9367593303322792","0.0","0.0","0.9367593303322792","0.0","0.0","0.0","","0"
"arfa-qwen2.5-coder:7b-8k","shadow_development","intercode-nl2bash-fs2-027","False","2","1789","results/phase1_5_shadow/full/qwen2.5-coder-7b/shadow_development/traces.jsonl","1","0","0.0","0.0","1.0","0.0","0.0","fast_candidate","0","0","0","0.8689861595630646","0.0","0.0","0.8689861595630646","0.0","0.0","0.0","0","0"
"arfa-qwen2.5-coder:7b-8k","shadow_development","intercode-nl2bash-fs2-032","False","2","1971","results/phase1_5_shadow/full/qwen2.5-coder-7b/shadow_development/traces.jsonl","1","0","0.0","0.0","0.8888888888888888","0.0","0.0","fast_candidate","0","0","0","0.684518575668335","0.0","0.0","0.684518575668335","0.0","0.0","0.0","","0"
"arfa-qwen2.5-coder:7b-8k","shadow_development","intercode-nl2bash-fs2-044","False","3","3989","results/phase1_5_shadow/full/qwen2.5-coder-7b/shadow_development/traces.jsonl","1","2","0.7083333333333335","1.0","1.0","0.0","0.0","reason","1","0","0","0.438488245010376","0.0","0.7083333333333335","0.438488245010376","0.7083333333333335","1.0","0.7083333333333335","1","1"
"arfa-qwen2.5-coder:7b-8k","shadow_development","intercode-nl2bash-fs2-044","False","3","3989","results/phase1_5_shadow/full/qwen2.5-coder-7b/shadow_development/traces.jsonl","2","0","0.33333333333333337","0.2","1.0","0.0","0.0","fast_candidate","1","0","0","0.6011878550052643","0.0","0.33333333333333337","0.6011878550052643","0.33333333333333337","0.2","0.33333333333333337","0","1"
"arfa-qwen2.5-coder:7b-8k","shadow_development","intercode-nl2bash-fs2-048","True","2","1967","results/phase1_5_shadow/full/qwen2.5-coder-7b/shadow_development/traces.jsonl","1","0","0.16666666666666669","0.2","1.0","0.0","0.0","fast_candidate","1","0","0","0.5184257626533508","0.0","0.16666666666666669","0.5184257626533508","0.16666666666666669","0.2","0.16666666666666669","0","0"
"arfa-qwen2.5-coder:7b-8k","shadow_development","intercode-nl2bash-fs3-001","True","2","1910","results/phase1_5_shadow/full/qwen2.5-coder-7b/shadow_development/traces.jsonl","1","0","0.0","0.0","1.0","0.0","0.0","fast_candidate","0","0","0","0.5974215567111969","0.0","0.0","0.5974215567111969","0.0","0.0","0.0","0","0"
"arfa-qwen2.5-coder:7b-8k","shadow_development","intercode-nl2bash-fs3-004","False","3","3448","results/phase1_5_shadow/full/qwen2.5-coder-7b/shadow_development/traces.jsonl","1","0","0.0","0.0","0.8888888888888888","0.0","0.0","fast_candidate","0","0","0","0.4526340365409851","0.0","0.0","0.4526340365409851","0.0","0.0","0.0","0",""
"arfa-qwen2.5-coder:7b-8k","shadow_development","intercode-nl2bash-fs3-004","False","3","3448","results/phase1_5_shadow/full/qwen2.5-coder-7b/shadow_development/traces.jsonl","2","0","0.0","0.0","0.8888888888888888","0.0","0.0","fast_candidate","0","0","0","0.4526340365409851","0.0","0.0","0.4526340365409851","0.0","0.0","0.0","0",""
"arfa-qwen2.5-coder:7b-8k","shadow_development","intercode-nl2bash-fs3-013","False","2","1928","results/phase1_5_shadow/full/qwen2.5-coder-7b/shadow_development/traces.jsonl","1","0","0.0","0.0","0.8888888888888888","0.0","0.0","fast_candidate","0","0","0","0.5855768918991089","0.0","0.0","0.5855768918991089","0.0","0.0","0.0","","0"
"arfa-qwen2.5-coder:7b-8k","shadow_development","intercode-nl2bash-fs3-017","True","2","1755","results/phase1_5_shadow/full/qwen2.5-coder-7b/shadow_development/traces.jsonl","1","0","0.0","0.0","0.9611111111111111","1.0","1.0","reason","0","0","0","0.4994673728942871","1.0","0.0","1.0","1.0","1.0","1.0","0","0"
"arfa-qwen2.5-coder:7b-8k","shadow_development","intercode-nl2bash-fs3-021","False","7","14832","results/phase1_5_shadow/full/qwen2.5-coder-7b/shadow_development/traces.jsonl","1","0","0.0","0.0","1.0","0.0","0.0","fast_candidate","0","0","0","0.595637321472168","0.0","0.0","0.595637321472168","0.0","0.0","0.0","0","0"
"arfa-qwen2.5-coder:7b-8k","shadow_development","intercode-nl2bash-fs3-021","False","7","14832","results/phase1_5_shadow/full/qwen2.5-coder-7b/shadow_development/traces.jsonl","2","0","0.33333333333333337","0.0","1.0","0.0","0.0","fast_candidate","0","0","1","0.7993419170379639","0.0","0.33333333333333337","0.7993419170379639","0.33333333333333337","0.0","0.33333333333333337","0","1"
"arfa-qwen2.5-coder:7b-8k","shadow_development","intercode-nl2bash-fs3-021","False","7","14832","results/phase1_5_shadow/full/qwen2.5-coder-7b/shadow_development/traces.jsonl","3","0","0.33333333333333337","0.0","1.0","0.0","1.0","reason","0","0","1","0.5215626358985901","1.0","0.33333333333333337","1.0","1.0","0.0","1.0","0","1"
"arfa-qwen2.5-coder:7b-8k","shadow_development","intercode-nl2bash-fs3-021","False","7","14832","results/phase1_5_shadow/full/qwen2.5-coder-7b/shadow_development/traces.jsonl","4","0","0.0","0.0","1.0","0.0","1.0","reason","0","0","0","0.4857451319694519","1.0","0.0","1.0","1.0","0.0","1.0","0","0"
"arfa-qwen2.5-coder:7b-8k","shadow_development","intercode-nl2bash-fs3-021","False","7","14832","results/phase1_5_shadow/full/qwen2.5-coder-7b/shadow_development/traces.jsonl","5","0","0.33333333333333337","0.0","1.0","0.0","0.0","fast_candidate","0","0","1","0.7993419170379639","0.0","0.33333333333333337","0.7993419170379639","0.33333333333333337","0.0","0.33333333333333337","0","1"
"arfa-qwen2.5-coder:7b-8k","shadow_development","intercode-nl2bash-fs3-021","False","7","14832","results/phase1_5_shadow/full/qwen2.5-coder-7b/shadow_development/traces.jsonl","6","0","0.0","0.0","1.0","0.0","1.0","reason","0","0","0","0.4857451319694519","1.0","0.0","1.0","1.0","0.0","1.0","0","0"
"arfa-qwen2.5-coder:7b-8k","shadow_development","intercode-nl2bash-fs3-026","False","2","1995","results/phase1_5_shadow/full/qwen2.5-coder-7b/shadow_development/traces.jsonl","1","0","0.5333333333333333","0.0","0.8888888888888888","0.0","0.0","reason","0","0","1","0.9855564907193184","0.0","0.5333333333333333","0.9855564907193184","0.5333333333333333","0.0","0.5333333333333333","","1"
"arfa-qwen2.5-coder:7b-8k","shadow_development","intercode-nl2bash-fs3-028","False","2","2813","results/phase1_5_shadow/full/qwen2.5-coder-7b/shadow_development/traces.jsonl","1","0","0.0","0.0","0.8888888888888888","0.0","0.0","fast_candidate","0","0","0","0.5498804450035095","0.0","0.0","0.5498804450035095","0.0","0.0","0.0","","0"
"arfa-qwen2.5-coder:7b-8k","shadow_development","intercode-nl2bash-fs3-029","False","3","4411","results/phase1_5_shadow/full/qwen2.5-coder-7b/shadow_development/traces.jsonl","1","0","0.0","0.0","0.7111111111111111","0.0","0.0","fast_candidate","0","0","0","0.6546492278575897","0.0","0.0","0.6546492278575897","0.0","0.0","0.0","","0"
"arfa-qwen2.5-coder:7b-8k","shadow_development","intercode-nl2bash-fs3-029","False","3","4411","results/phase1_5_shadow/full/qwen2.5-coder-7b/shadow_development/traces.jsonl","2","0","0.0","0.0","0.7388888888888889","0.0","0.0","fast_candidate","0","0","0","0.6804701089859009","0.0","0.0","0.6804701089859009","0.0","0.0","0.0","","0"
"arfa-qwen2.5-coder:7b-8k","shadow_development","intercode-nl2bash-fs3-031","False","2","1977","results/phase1_5_shadow/full/qwen2.5-coder-7b/shadow_development/traces.jsonl","1","0","0.0","0.0","0.7777777777777777","0.0","0.0","fast_candidate","0","0","0","0.8539768606424332","0.0","0.0","0.8539768606424332","0.0","0.0","0.0","",""
"arfa-qwen2.5-coder:7b-8k","shadow_development","intercode-nl2bash-fs3-045","False","3","3716","results/phase1_5_shadow/full/qwen2.5-coder-7b/shadow_development/traces.jsonl","1","0","0.0","0.0","0.7777777777777777","0.0","1.0","reason","","0","0","0.6659928858280182","1.0","0.0","1.0","1.0","0.0","1.0","0",""
"arfa-qwen2.5-coder:7b-8k","shadow_development","intercode-nl2bash-fs3-045","False","3","3716","results/phase1_5_shadow/full/qwen2.5-coder-7b/shadow_development/traces.jsonl","2","0","0.0","0.0","0.7777777777777777","0.0","0.0","fast_candidate","","0","0","0.7213453054428101","0.0","0.0","0.7213453054428101","0.0","0.0","0.0","0",""
"arfa-qwen2.5-coder:7b-8k","shadow_development","intercode-nl2bash-fs3-049","False","2","2199","results/phase1_5_shadow/full/qwen2.5-coder-7b/shadow_development/traces.jsonl","1","0","0.0","0.0","1.0","0.0","0.0","fast_candidate","0","0","0","0.5324030518531799","0.0","0.0","0.5324030518531799","0.0","0.0","0.0","0","0"
"arfa-qwen2.5-coder:7b-8k","shadow_development","intercode-nl2bash-fs3-055","True","2","2010","results/phase1_5_shadow/full/qwen2.5-coder-7b/shadow_development/traces.jsonl","1","0","0.0","0.0","0.8888888888888888","0.0","0.0","fast_candidate","0","0","0","0.6678098738193512","0.0","0.0","0.6678098738193512","0.0","0.0","0.0","","0"
"arfa-qwen2.5-coder:7b-8k","shadow_development","intercode-nl2bash-fs3-058","False","3","3256","results/phase1_5_shadow/full/qwen2.5-coder-7b/shadow_development/traces.jsonl","1","0","0.16666666666666669","0.0","1.0","0.0","0.0","fast_candidate","0","0","0","0.8800758570432663","0.0","0.16666666666666669","0.8800758570432663","0.16666666666666669","0.0","0.16666666666666669","0","1"
"arfa-qwen2.5-coder:7b-8k","shadow_development","intercode-nl2bash-fs3-058","False","3","3256","results/phase1_5_shadow/full/qwen2.5-coder-7b/shadow_development/traces.jsonl","2","0","0.16666666666666669","0.0","1.0","0.0","0.0","fast_candidate","0","0","0","0.8917964696884155","0.0","0.16666666666666669","0.8917964696884155","0.16666666666666669","0.0","0.16666666666666669","0","1"
"arfa-qwen2.5-coder:7b-8k","shadow_development","intercode-nl2bash-fs4-003","True","2","1764","results/phase1_5_shadow/full/qwen2.5-coder-7b/shadow_development/traces.jsonl","1","0","0.0","0.0","0.6555555555555556","0.0","0.0","reason","","0","0","0.3588106632232666","1.0","0.0","1.0","1.0","0.0","1.0","0",""
"arfa-qwen2.5-coder:7b-8k","shadow_development","intercode-nl2bash-fs4-004","True","2","1905","results/phase1_5_shadow/full/qwen2.5-coder-7b/shadow_development/traces.jsonl","1","0","0.0","0.0","1.0","0.0","0.0","fast_candidate","0","0","0","0.5623074173927307","0.0","0.0","0.5623074173927307","0.0","0.0","0.0","0","0"
"arfa-qwen2.5-coder:7b-8k","shadow_development","intercode-nl2bash-fs4-006","True","3","3311","results/phase1_5_shadow/full/qwen2.5-coder-7b/shadow_development/traces.jsonl","1","0","0.0","0.0","1.0","0.0","0.0","fast_candidate","0","0","0","0.8857688903808594","0.0","0.0","0.8857688903808594","0.0","0.0","0.0","0","0"
"arfa-qwen2.5-coder:7b-8k","shadow_development","intercode-nl2bash-fs4-006","True","3","3311","results/phase1_5_shadow/full/qwen2.5-coder-7b/shadow_development/traces.jsonl","2","0","0.0","0.0","0.8722222222222222","0.0","0.0","fast_candidate","0","0","0","0.988389590755105","0.0","0.0","0.988389590755105","0.0","0.0","0.0","0","0"
"arfa-qwen2.5-coder:7b-8k","shadow_development","intercode-nl2bash-fs4-015","True","5","7425","results/phase1_5_shadow/full/qwen2.5-coder-7b/shadow_development/traces.jsonl","1","0","0.0","0.0","0.7333333333333334","0.0","0.0","fast_candidate","0","0","0","0.455105721950531","0.0","0.0","0.455105721950531","0.0","0.0","0.0","0",""
"arfa-qwen2.5-coder:7b-8k","shadow_development","intercode-nl2bash-fs4-015","True","5","7425","results/phase1_5_shadow/full/qwen2.5-coder-7b/shadow_development/traces.jsonl","2","0","0.0","0.0","0.7333333333333334","0.0","0.0","fast_candidate","0","0","0","0.4958476424217224","0.0","0.0","0.4958476424217224","0.0","0.0","0.0","0",""
"arfa-qwen2.5-coder:7b-8k","shadow_development","intercode-nl2bash-fs4-015","True","5","7425","results/phase1_5_shadow/full/qwen2.5-coder-7b/shadow_development/traces.jsonl","3","0","0.0","0.0","0.7333333333333334","0.0","0.0","fast_candidate","0","0","0","0.455105721950531","0.0","0.0","0.455105721950531","0.0","0.0","0.0","0",""
"arfa-qwen2.5-coder:7b-8k","shadow_development","intercode-nl2bash-fs4-015","True","5","7425","results/phase1_5_shadow/full/qwen2.5-coder-7b/shadow_development/traces.jsonl","4","0","0.0","0.0","0.7333333333333334","0.0","0.0","fast_candidate","0","0","0","0.4958476424217224","0.0","0.0","0.4958476424217224","0.0","0.0","0.0","0",""
"arfa-qwen2.5-coder:7b-8k","shadow_development","intercode-nl2bash-fs4-019","False","11","30039","results/phase1_5_shadow/full/qwen2.5-coder-7b/shadow_development/traces.jsonl","1","1","0.5333333333333333","0.55","0.8888888888888888","0.0","1.0","reason","0","0","1","0.7958524823188782","1.0","0.5333333333333333","1.0","1.0","0.55","1.0","","1"
"arfa-qwen2.5-coder:7b-8k","shadow_development","intercode-nl2bash-fs4-019","False","11","30039","results/phase1_5_shadow/full/qwen2.5-coder-7b/shadow_development/traces.jsonl","2","1","0.5333333333333333","0.55","0.8888888888888888","0.0","1.0","reason","0","0","1","0.7958525121212006","1.0","0.5333333333333333","1.0","1.0","0.55","1.0","","1"
"arfa-qwen2.5-coder:7b-8k","shadow_development","intercode-nl2bash-fs4-019","False","11","30039","results/phase1_5_shadow/full/qwen2.5-coder-7b/shadow_development/traces.jsonl","3","1","0.5333333333333333","0.55","0.8888888888888888","0.0","1.0","reason","0","0","1","0.7958525121212006","1.0","0.5333333333333333","1.0","1.0","0.55","1.0","","1"
"arfa-qwen2.5-coder:7b-8k","shadow_development","intercode-nl2bash-fs4-019","False","11","30039","results/phase1_5_shadow/full/qwen2.5-coder-7b/shadow_development/traces.jsonl","4","1","0.5333333333333333","0.55","0.8888888888888888","0.0","1.0","reason","0","0","1","0.7958524823188782","1.0","0.5333333333333333","1.0","1.0","0.55","1.0","","1"
"arfa-qwen2.5-coder:7b-8k","shadow_development","intercode-nl2bash-fs4-019","False","11","30039","results/phase1_5_shadow/full/qwen2.5-coder-7b/shadow_development/traces.jsonl","5","1","0.5333333333333333","0.55","0.8888888888888888","0.0","1.0","reason","0","0","1","0.7958524823188782","1.0","0.5333333333333333","1.0","1.0","0.55","1.0","","1"
"arfa-qwen2.5-coder:7b-8k","shadow_development","intercode-nl2bash-fs4-019","False","11","30039","results/phase1_5_shadow/full/qwen2.5-coder-7b/shadow_development/traces.jsonl","6","1","0.5333333333333333","0.55","0.8888888888888888","0.0","1.0","reason","0","0","1","0.7958524823188782","1.0","0.5333333333333333","1.0","1.0","0.55","1.0","","1"
"arfa-qwen2.5-coder:7b-8k","shadow_development","intercode-nl2bash-fs4-019","False","11","30039","results/phase1_5_shadow/full/qwen2.5-coder-7b/shadow_development/traces.jsonl","7","1","0.5333333333333333","0.55","0.8888888888888888","0.0","1.0","reason","0","0","1","0.7958524823188782","1.0","0.5333333333333333","1.0","1.0","0.55","1.0","","1"
"arfa-qwen2.5-coder:7b-8k","shadow_development","intercode-nl2bash-fs4-019","False","11","30039","results/phase1_5_shadow/full/qwen2.5-coder-7b/shadow_development/traces.jsonl","8","1","0.5333333333333333","0.55","0.8888888888888888","0.0","1.0","reason","0","0","1","0.7958524823188782","1.0","0.5333333333333333","1.0","1.0","0.55","1.0","","1"
"arfa-qwen2.5-coder:7b-8k","shadow_development","intercode-nl2bash-fs4-019","False","11","30039","results/phase1_5_shadow/full/qwen2.5-coder-7b/shadow_development/traces.jsonl","9","1","0.5333333333333333","0.55","0.8888888888888888","0.0","1.0","reason","0","0","1","0.7958524823188782","1.0","0.5333333333333333","1.0","1.0","0.55","1.0","","1"
"arfa-qwen2.5-coder:7b-8k","shadow_development","intercode-nl2bash-fs4-019","False","11","30039","results/phase1_5_shadow/full/qwen2.5-coder-7b/shadow_development/traces.jsonl","10","1","0.5333333333333333","0.55","0.8888888888888888","0.0","1.0","reason","0","0","1","0.7958524823188782","1.0","0.5333333333333333","1.0","1.0","0.55","1.0","","1"
"arfa-qwen2.5-coder:7b-8k","shadow_development","intercode-nl2bash-fs4-020","False","3","3108","results/phase1_5_shadow/full/qwen2.5-coder-7b/shadow_development/traces.jsonl","1","0","0.2","0.0","0.7722222222222221","0.0","0.0","fast_candidate","0","0","1","0.6901322603225708","0.0","0.2","0.6901322603225708","0.2","0.0","0.2","0",""
"arfa-qwen2.5-coder:7b-8k","shadow_development","intercode-nl2bash-fs4-020","False","3","3108","results/phase1_5_shadow/full/qwen2.5-coder-7b/shadow_development/traces.jsonl","2","0","0.2","0.0","0.7722222222222221","0.0","0.0","fast_candidate","0","0","1","0.6901322603225708","0.0","0.2","0.6901322603225708","0.2","0.0","0.2","0",""
"arfa-qwen2.5-coder:7b-8k","shadow_development","intercode-nl2bash-fs4-023","True","2","2356","results/phase1_5_shadow/full/qwen2.5-coder-7b/shadow_development/traces.jsonl","1","0","0.0","0.0","1.0","0.0","0.0","fast_candidate","0","0","0","0.5934738516807556","0.0","0.0","0.5934738516807556","0.0","0.0","0.0","0","0"
"arfa-qwen2.5-coder:7b-8k","shadow_development","intercode-nl2bash-fs4-024","True","2","2003","results/phase1_5_shadow/full/qwen2.5-coder-7b/shadow_development/traces.jsonl","1","0","0.0","0.0","0.8333333333333334","0.0","0.0","fast_candidate","0","0","0","0.8405466377735138","0.0","0.0","0.8405466377735138","0.0","0.0","0.0","0",""
"arfa-qwen2.5-coder:7b-8k","shadow_development","intercode-nl2bash-fs4-025","False","2","1929","results/phase1_5_shadow/full/qwen2.5-coder-7b/shadow_development/traces.jsonl","1","0","0.0","0.0","0.8888888888888888","0.0","0.0","fast_candidate","0","0","0","0.8140164315700531","0.0","0.0","0.8140164315700531","0.0","0.0","0.0","0",""
"arfa-qwen2.5-coder:7b-8k","shadow_test","intercode-nl2bash-fs1-000","False","3","3726","results/phase1_5_shadow/full/qwen2.5-coder-7b/shadow_test/traces.jsonl","1","0","0.0","0.0","0.8888888888888888","0.0","0.0","fast_candidate","0","0","0","0.5663965940475464","0.0","0.0","0.5663965940475464","0.0","0.0","0.0","","0"
"arfa-qwen2.5-coder:7b-8k","shadow_test","intercode-nl2bash-fs1-000","False","3","3726","results/phase1_5_shadow/full/qwen2.5-coder-7b/shadow_test/traces.jsonl","2","0","0.5333333333333333","0.0","0.8166666666666668","0.0","0.0","reason","0","0","1","0.9068123251199722","0.0","0.5333333333333333","0.9068123251199722","0.5333333333333333","0.0","0.5333333333333333","","1"
"arfa-qwen2.5-coder:7b-8k","shadow_test","intercode-nl2bash-fs1-001","False","2","2073","results/phase1_5_shadow/full/qwen2.5-coder-7b/shadow_test/traces.jsonl","1","0","0.0","0.0","0.8666666666666667","0.0","0.0","fast_candidate","0","0","0","0.5347974300384521","0.0","0.0","0.5347974300384521","0.0","0.0","0.0","","0"
"arfa-qwen2.5-coder:7b-8k","shadow_test","intercode-nl2bash-fs1-009","False","3","3634","results/phase1_5_shadow/full/qwen2.5-coder-7b/shadow_test/traces.jsonl","1","0","0.0","0.0","0.8888888888888888","0.0","1.0","reason","0","0","0","0.519454151391983","1.0","0.0","1.0","1.0","0.0","1.0","","0"
"arfa-qwen2.5-coder:7b-8k","shadow_test","intercode-nl2bash-fs1-009","False","3","3634","results/phase1_5_shadow/full/qwen2.5-coder-7b/shadow_test/traces.jsonl","2","1","0.0","0.55","0.8888888888888888","0.0","1.0","reason","0","0","0","0.40859007835388184","1.0","0.0","1.0","1.0","0.55","1.0","","0"
"arfa-qwen2.5-coder:7b-8k","shadow_test","intercode-nl2bash-fs1-010","False","2","2296","results/phase1_5_shadow/full/qwen2.5-coder-7b/shadow_test/traces.jsonl","1","0","0.26666666666666666","0.0","0.8888888888888888","1.0","1.0","reason","0","0","0","0.5751906633377075","1.0","0.26666666666666666","1.0","1.0","1.0","1.0","","1"
"arfa-qwen2.5-coder:7b-8k","shadow_test","intercode-nl2bash-fs1-023","False","6","9390","results/phase1_5_shadow/full/qwen2.5-coder-7b/shadow_test/traces.jsonl","1","0","0.0","0.0","0.8111111111111112","0.0","1.0","reason","0","0","0","0.45685577392578125","1.0","0.0","1.0","1.0","0.0","1.0","","0"
"arfa-qwen2.5-coder:7b-8k","shadow_test","intercode-nl2bash-fs1-023","False","6","9390","results/phase1_5_shadow/full/qwen2.5-coder-7b/shadow_test/traces.jsonl","2","0","0.0","0.0","0.9055555555555556","1.0","1.0","reason","0","0","0","0.7764598578214645","1.0","0.0","1.0","1.0","1.0","1.0","0","0"
"arfa-qwen2.5-coder:7b-8k","shadow_test","intercode-nl2bash-fs1-023","False","6","9390","results/phase1_5_shadow/full/qwen2.5-coder-7b/shadow_test/traces.jsonl","3","0","0.0","0.0","0.8666666666666667","0.0","1.0","reason","0","0","0","0.42061126232147217","1.0","0.0","1.0","1.0","0.0","1.0","","0"
"arfa-qwen2.5-coder:7b-8k","shadow_test","intercode-nl2bash-fs1-023","False","6","9390","results/phase1_5_shadow/full/qwen2.5-coder-7b/shadow_test/traces.jsonl","4","0","0.0","0.0","0.9611111111111111","1.0","1.0","reason","0","0","0","0.7213475108146667","1.0","0.0","1.0","1.0","1.0","1.0","0","0"
"arfa-qwen2.5-coder:7b-8k","shadow_test","intercode-nl2bash-fs1-023","False","6","9390","results/phase1_5_shadow/full/qwen2.5-coder-7b/shadow_test/traces.jsonl","5","0","0.0","0.0","0.8111111111111112","0.0","1.0","reason","0","0","0","0.45685577392578125","1.0","0.0","1.0","1.0","0.0","1.0","","0"
"arfa-qwen2.5-coder:7b-8k","shadow_test","intercode-nl2bash-fs1-031","False","2","1840","results/phase1_5_shadow/full/qwen2.5-coder-7b/shadow_test/traces.jsonl","1","0","0.0","0.0","0.8888888888888888","0.0","0.0","fast_candidate","0","0","0","0.9191896840929985","0.0","0.0","0.9191896840929985","0.0","0.0","0.0","0",""
"arfa-qwen2.5-coder:7b-8k","shadow_test","intercode-nl2bash-fs1-032","False","4","5396","results/phase1_5_shadow/full/qwen2.5-coder-7b/shadow_test/traces.jsonl","1","0","0.0","0.0","0.8888888888888888","0.0","0.0","fast_candidate","0","0","0","0.7569546550512314","0.0","0.0","0.7569546550512314","0.0","0.0","0.0","0",""
"arfa-qwen2.5-coder:7b-8k","shadow_test","intercode-nl2bash-fs1-032","False","4","5396","results/phase1_5_shadow/full/qwen2.5-coder-7b/shadow_test/traces.jsonl","2","0","0.2","0.0","0.8888888888888888","0.0","1.0","reason","0","0","1","0.7959146797657013","1.0","0.2","1.0","1.0","0.0","1.0","0",""
"arfa-qwen2.5-coder:7b-8k","shadow_test","intercode-nl2bash-fs1-032","False","4","5396","results/phase1_5_shadow/full/qwen2.5-coder-7b/shadow_test/traces.jsonl","3","0","0.16666666666666669","0.0","1.0","0.0","0.0","fast_candidate","0","0","1","0.8667691051959991","0.0","0.16666666666666669","0.8667691051959991","0.16666666666666669","0.0","0.16666666666666669","0","0"
"arfa-qwen2.5-coder:7b-8k","shadow_test","intercode-nl2bash-fs1-035","False","3","3331","results/phase1_5_shadow/full/qwen2.5-coder-7b/shadow_test/traces.jsonl","1","0","0.0","0.0","0.8888888888888888","0.0","1.0","reason","0","0","0","0.45209217071533203","1.0","0.0","1.0","1.0","0.0","1.0","","0"
"arfa-qwen2.5-coder:7b-8k","shadow_test","intercode-nl2bash-fs1-035","False","3","3331","results/phase1_5_shadow/full/qwen2.5-coder-7b/shadow_test/traces.jsonl","2","0","0.26666666666666666","0.0","0.8888888888888888","1.0","1.0","reason","0","0","0","0.8948045074939728","1.0","0.26666666666666666","1.0","1.0","1.0","1.0","","1"
"arfa-qwen2.5-coder:7b-8k","shadow_test","intercode-nl2bash-fs1-051","False","3","4521","results/phase1_5_shadow/full/qwen2.5-coder-7b/shadow_test/traces.jsonl","1","0","0.0","0.0","1.0","0.0","0.0","fast_candidate","0","0","0","0.6979891657829285","0.0","0.0","0.6979891657829285","0.0","0.0","0.0","0","0"
"arfa-qwen2.5-coder:7b-8k","shadow_test","intercode-nl2bash-fs1-051","False","3","4521","results/phase1_5_shadow/full/qwen2.5-coder-7b/shadow_test/traces.jsonl","2","0","0.0","0.0","1.0","0.0","0.0","fast_candidate","0","0","0","0.7052777409553528","0.0","0.0","0.7052777409553528","0.0","0.0","0.0","0","0"
"arfa-qwen2.5-coder:7b-8k","shadow_test","intercode-nl2bash-fs1-057","False","3","3452","results/phase1_5_shadow/full/qwen2.5-coder-7b/shadow_test/traces.jsonl","1","0","0.0","0.0","1.0","0.0","0.0","fast_candidate","0","0","0","0.9061467051506042","0.0","0.0","0.9061467051506042","0.0","0.0","0.0","0","0"
"arfa-qwen2.5-coder:7b-8k","shadow_test","intercode-nl2bash-fs1-057","False","3","3452","results/phase1_5_shadow/full/qwen2.5-coder-7b/shadow_test/traces.jsonl","2","0","0.16666666666666669","0.0","1.0","0.0","0.0","fast_candidate","0","0","0","0.4515531659126282","0.0","0.16666666666666669","0.4515531659126282","0.16666666666666669","0.0","0.16666666666666669","0","1"
"arfa-qwen2.5-coder:7b-8k","shadow_test","intercode-nl2bash-fs1-058","False","5","7965","results/phase1_5_shadow/full/qwen2.5-coder-7b/shadow_test/traces.jsonl","1","1","0.8000000000000002","0.75","0.8888888888888888","0.0","0.0","reason","1","0","1","0.8399104326963425","0.0","0.8000000000000002","0.8399104326963425","0.8000000000000002","0.75","0.8000000000000002","","1"
"arfa-qwen2.5-coder:7b-8k","shadow_test","intercode-nl2bash-fs1-058","False","5","7965","results/phase1_5_shadow/full/qwen2.5-coder-7b/shadow_test/traces.jsonl","2","0","0.8000000000000002","0.2","0.8888888888888888","0.0","0.0","reason","1","0","1","0.7150869369506836","0.0","0.8000000000000002","0.7150869369506836","0.8000000000000002","0.2","0.8000000000000002","","1"
"arfa-qwen2.5-coder:7b-8k","shadow_test","intercode-nl2bash-fs1-058","False","5","7965","results/phase1_5_shadow/full/qwen2.5-coder-7b/shadow_test/traces.jsonl","3","1","0.8000000000000002","0.75","0.8888888888888888","0.0","0.0","reason","1","0","1","0.8399104326963425","0.0","0.8000000000000002","0.8399104326963425","0.8000000000000002","0.75","0.8000000000000002","","1"
"arfa-qwen2.5-coder:7b-8k","shadow_test","intercode-nl2bash-fs1-058","False","5","7965","results/phase1_5_shadow/full/qwen2.5-coder-7b/shadow_test/traces.jsonl","4","0","0.8000000000000002","0.2","0.8888888888888888","0.0","0.0","reason","1","0","1","0.7150869369506836","0.0","0.8000000000000002","0.7150869369506836","0.8000000000000002","0.2","0.8000000000000002","","1"
"arfa-qwen2.5-coder:7b-8k","shadow_test","intercode-nl2bash-fs2-008","False","3","3347","results/phase1_5_shadow/full/qwen2.5-coder-7b/shadow_test/traces.jsonl","1","0","0.0","0.0","0.8888888888888888","0.0","1.0","reason","0","0","0","0.5107314884662628","1.0","0.0","1.0","1.0","0.0","1.0","","0"
"arfa-qwen2.5-coder:7b-8k","shadow_test","intercode-nl2bash-fs2-008","False","3","3347","results/phase1_5_shadow/full/qwen2.5-coder-7b/shadow_test/traces.jsonl","2","0","0.26666666666666666","0.0","0.8555555555555555","1.0","1.0","reason","0","0","1","0.8545484393835068","1.0","0.26666666666666666","1.0","1.0","1.0","1.0","","0"
"arfa-qwen2.5-coder:7b-8k","shadow_test","intercode-nl2bash-fs2-009","True","2","2060","results/phase1_5_shadow/full/qwen2.5-coder-7b/shadow_test/traces.jsonl","1","0","0.0","0.0","0.8888888888888888","0.0","1.0","reason","0","0","0","0.9113819673657417","1.0","0.0","1.0","1.0","0.0","1.0","","0"
"arfa-qwen2.5-coder:7b-8k","shadow_test","intercode-nl2bash-fs2-011","True","2","1936","results/phase1_5_shadow/full/qwen2.5-coder-7b/shadow_test/traces.jsonl","1","0","0.0","0.0","1.0","0.0","0.0","fast_candidate","0","0","0","0.6924484670162201","0.0","0.0","0.6924484670162201","0.0","0.0","0.0","0","0"
"arfa-qwen2.5-coder:7b-8k","shadow_test","intercode-nl2bash-fs2-012","False","5","7783","results/phase1_5_shadow/full/qwen2.5-coder-7b/shadow_test/traces.jsonl","1","1","0.8000000000000002","1.0","0.8888888888888888","0.0","0.0","reason","1","0","1","0.8115353584289551","0.0","0.8000000000000002","0.8115353584289551","0.8000000000000002","1.0","0.8000000000000002","","1"
"arfa-qwen2.5-coder:7b-8k","shadow_test","intercode-nl2bash-fs2-012","False","5","7783","results/phase1_5_shadow/full/qwen2.5-coder-7b/shadow_test/traces.jsonl","2","0","0.0","0.0","0.9722222222222222","0.0","0.0","fast_candidate","0","0","0","0.5413915514945984","0.0","0.0","0.5413915514945984","0.0","0.0","0.0","0","0"
"arfa-qwen2.5-coder:7b-8k","shadow_test","intercode-nl2bash-fs2-012","False","5","7783","results/phase1_5_shadow/full/qwen2.5-coder-7b/shadow_test/traces.jsonl","3","1","0.8000000000000002","1.0","0.8888888888888888","0.0","0.0","reason","1","0","1","0.8115353584289551","0.0","0.8000000000000002","0.8115353584289551","0.8000000000000002","1.0","0.8000000000000002","","1"
"arfa-qwen2.5-coder:7b-8k","shadow_test","intercode-nl2bash-fs2-012","False","5","7783","results/phase1_5_shadow/full/qwen2.5-coder-7b/shadow_test/traces.jsonl","4","0","0.0","0.0","0.9722222222222222","0.0","0.0","fast_candidate","0","0","0","0.5413915514945984","0.0","0.0","0.5413915514945984","0.0","0.0","0.0","0","0"
"arfa-qwen2.5-coder:7b-8k","shadow_test","intercode-nl2bash-fs2-019","False","2","2127","results/phase1_5_shadow/full/qwen2.5-coder-7b/shadow_test/traces.jsonl","1","0","0.0","0.0","0.8888888888888888","0.0","0.0","fast_candidate","0","0","0","0.4719517230987549","0.0","0.0","0.4719517230987549","0.0","0.0","0.0","","0"
"arfa-qwen2.5-coder:7b-8k","shadow_test","intercode-nl2bash-fs2-020","True","3","3381","results/phase1_5_shadow/full/qwen2.5-coder-7b/shadow_test/traces.jsonl","1","0","0.0","0.0","0.8888888888888888","0.0","1.0","reason","0","0","0","0.40924978256225586","1.0","0.0","1.0","1.0","0.0","1.0","","0"
"arfa-qwen2.5-coder:7b-8k","shadow_test","intercode-nl2bash-fs2-020","True","3","3381","results/phase1_5_shadow/full/qwen2.5-coder-7b/shadow_test/traces.jsonl","2","0","0.0","0.0","1.0","0.0","0.0","fast_candidate","0","0","0","0.8654906749725342","0.0","0.0","0.8654906749725342","0.0","0.0","0.0","0","0"
"arfa-qwen2.5-coder:7b-8k","shadow_test","intercode-nl2bash-fs2-021","False","3","3396","results/phase1_5_shadow/full/qwen2.5-coder-7b/shadow_test/traces.jsonl","1","0","0.0","0.0","0.8888888888888888","0.0","1.0","reason","0","0","0","0.7002705037593842","1.0","0.0","1.0","1.0","0.0","1.0","","0"
"arfa-qwen2.5-coder:7b-8k","shadow_test","intercode-nl2bash-fs2-021","False","3","3396","results/phase1_5_shadow/full/qwen2.5-coder-7b/shadow_test/traces.jsonl","2","0","0.0","0.0","1.0","0.0","0.0","fast_candidate","0","0","0","0.8850664496421814","0.0","0.0","0.8850664496421814","0.0","0.0","0.0","0","0"
"arfa-qwen2.5-coder:7b-8k","shadow_test","intercode-nl2bash-fs2-025","False","2","2152","results/phase1_5_shadow/full/qwen2.5-coder-7b/shadow_test/traces.jsonl","1","0","0.0","0.0","0.8888888888888888","0.0","0.0","fast_candidate","0","0","0","0.6942590177059174","0.0","0.0","0.6942590177059174","0.0","0.0","0.0","","0"
"arfa-qwen2.5-coder:7b-8k","shadow_test","intercode-nl2bash-fs2-033","False","3","3297","results/phase1_5_shadow/full/qwen2.5-coder-7b/shadow_test/traces.jsonl","1","0","0.0","0.0","0.8888888888888888","1.0","1.0","reason","0","0","0","0.5591224431991577","1.0","0.0","1.0","1.0","1.0","1.0","","0"
"arfa-qwen2.5-coder:7b-8k","shadow_test","intercode-nl2bash-fs2-033","False","3","3297","results/phase1_5_shadow/full/qwen2.5-coder-7b/shadow_test/traces.jsonl","2","0","0.0","0.0","1.0","1.0","1.0","reason","0","0","0","0.7623414844274521","1.0","0.0","1.0","1.0","1.0","1.0","0","0"
"arfa-qwen2.5-coder:7b-8k","shadow_test","intercode-nl2bash-fs2-040","False","2","1834","results/phase1_5_shadow/full/qwen2.5-coder-7b/shadow_test/traces.jsonl","1","0","0.0","0.0","0.7777777777777777","0.0","0.0","fast_candidate","","0","0","0.9555743671953678","0.0","0.0","0.9555743671953678","0.0","0.0","0.0","0",""
"arfa-qwen2.5-coder:7b-8k","shadow_test","intercode-nl2bash-fs2-045","False","3","3705","results/phase1_5_shadow/full/qwen2.5-coder-7b/shadow_test/traces.jsonl","1","0","0.0","0.0","0.861111111111111","0.0","1.0","reason","0","0","0","0.7273452281951904","1.0","0.0","1.0","1.0","0.0","1.0","","0"
"arfa-qwen2.5-coder:7b-8k","shadow_test","intercode-nl2bash-fs2-045","False","3","3705","results/phase1_5_shadow/full/qwen2.5-coder-7b/shadow_test/traces.jsonl","2","0","0.0","0.0","0.9666666666666667","1.0","1.0","reason","0","0","0","0.9131490141153336","1.0","0.0","1.0","1.0","1.0","1.0","0","0"
"arfa-qwen2.5-coder:7b-8k","shadow_test","intercode-nl2bash-fs2-047","False","2","1874","results/phase1_5_shadow/full/qwen2.5-coder-7b/shadow_test/traces.jsonl","1","0","0.0","0.0","0.8888888888888888","0.0","0.0","fast_candidate","0","0","0","0.6364572048187256","0.0","0.0","0.6364572048187256","0.0","0.0","0.0","","0"
"arfa-qwen2.5-coder:7b-8k","shadow_test","intercode-nl2bash-fs2-050","True","2","1843","results/phase1_5_shadow/full/qwen2.5-coder-7b/shadow_test/traces.jsonl","1","0","0.5333333333333333","0.0","0.8888888888888888","0.0","1.0","reason","0","0","1","0.8483822792768478","1.0","0.5333333333333333","1.0","1.0","0.0","1.0","","1"
"arfa-qwen2.5-coder:7b-8k","shadow_test","intercode-nl2bash-fs3-009","False","2","2055","results/phase1_5_shadow/full/qwen2.5-coder-7b/shadow_test/traces.jsonl","1","0","0.0","0.0","0.8888888888888888","0.0","0.0","fast_candidate","0","0","0","0.7765789330005646","0.0","0.0","0.7765789330005646","0.0","0.0","0.0","","0"
"arfa-qwen2.5-coder:7b-8k","shadow_test","intercode-nl2bash-fs3-012","False","3","3230","results/phase1_5_shadow/full/qwen2.5-coder-7b/shadow_test/traces.jsonl","1","0","0.0","0.0","0.8888888888888888","0.0","0.0","fast_candidate","0","0","0","0.6066738367080688","0.0","0.0","0.6066738367080688","0.0","0.0","0.0","","0"
"arfa-qwen2.5-coder:7b-8k","shadow_test","intercode-nl2bash-fs3-012","False","3","3230","results/phase1_5_shadow/full/qwen2.5-coder-7b/shadow_test/traces.jsonl","2","0","0.0","0.0","1.0","0.0","0.0","fast_candidate","0","0","0","0.8655238002538681","0.0","0.0","0.8655238002538681","0.0","0.0","0.0","0","0"
"arfa-qwen2.5-coder:7b-8k","shadow_test","intercode-nl2bash-fs3-018","True","3","3294","results/phase1_5_shadow/full/qwen2.5-coder-7b/shadow_test/traces.jsonl","1","0","0.0","0.0","0.9722222222222222","0.0","0.0","fast_candidate","0","0","0","0.4737600088119507","0.0","0.0","0.4737600088119507","0.0","0.0","0.0","0","0"
"arfa-qwen2.5-coder:7b-8k","shadow_test","intercode-nl2bash-fs3-018","True","3","3294","results/phase1_5_shadow/full/qwen2.5-coder-7b/shadow_test/traces.jsonl","2","0","0.0","0.0","0.7944444444444444","0.0","1.0","reason","0","0","0","0.6325727701187134","1.0","0.0","1.0","1.0","0.0","1.0","0",""
"arfa-qwen2.5-coder:7b-8k","shadow_test","intercode-nl2bash-fs3-019","False","6","8986","results/phase1_5_shadow/full/qwen2.5-coder-7b/shadow_test/traces.jsonl","1","0","0.26666666666666666","0.0","0.8888888888888888","0.0","1.0","reason","0","0","1","0.901463121175766","1.0","0.26666666666666666","1.0","1.0","0.0","1.0","","0"
"arfa-qwen2.5-coder:7b-8k","shadow_test","intercode-nl2bash-fs3-019","False","6","8986","results/phase1_5_shadow/full/qwen2.5-coder-7b/shadow_test/traces.jsonl","2","0","0.16666666666666669","0.0","1.0","0.0","0.0","fast_candidate","0","0","0","0.7908042669296265","0.0","0.16666666666666669","0.7908042669296265","0.16666666666666669","0.0","0.16666666666666669","0","1"
"arfa-qwen2.5-coder:7b-8k","shadow_test","intercode-nl2bash-fs3-019","False","6","8986","results/phase1_5_shadow/full/qwen2.5-coder-7b/shadow_test/traces.jsonl","3","0","0.0","0.0","1.0","0.0","1.0","reason","0","0","0","0.9071519449353218","1.0","0.0","1.0","1.0","0.0","1.0","0","0"
"arfa-qwen2.5-coder:7b-8k","shadow_test","intercode-nl2bash-fs3-019","False","6","8986","results/phase1_5_shadow/full/qwen2.5-coder-7b/shadow_test/traces.jsonl","4","0","0.16666666666666669","0.0","1.0","0.0","0.0","fast_candidate","0","0","0","0.745111882686615","0.0","0.16666666666666669","0.745111882686615","0.16666666666666669","0.0","0.16666666666666669","0","1"
"arfa-qwen2.5-coder:7b-8k","shadow_test","intercode-nl2bash-fs3-019","False","6","8986","results/phase1_5_shadow/full/qwen2.5-coder-7b/shadow_test/traces.jsonl","5","0","0.0","0.0","1.0","0.0","1.0","reason","0","0","0","0.9071519449353218","1.0","0.0","1.0","1.0","0.0","1.0","0","0"
"arfa-qwen2.5-coder:7b-8k","shadow_test","intercode-nl2bash-fs3-034","False","2","1837","results/phase1_5_shadow/full/qwen2.5-coder-7b/shadow_test/traces.jsonl","1","0","0.0","0.0","1.0","0.0","0.0","fast_candidate","0","0","0","0.583105593919754","0.0","0.0","0.583105593919754","0.0","0.0","0.0","0","0"
"arfa-qwen2.5-coder:7b-8k","shadow_test","intercode-nl2bash-fs3-037","False","2","1950","results/phase1_5_shadow/full/qwen2.5-coder-7b/shadow_test/traces.jsonl","1","0","0.0","0.0","0.7777777777777777","0.0","0.0","fast_candidate","0","0","0","0.7922327220439911","0.0","0.0","0.7922327220439911","0.0","0.0","0.0","",""
"arfa-qwen2.5-coder:7b-8k","shadow_test","intercode-nl2bash-fs3-038","False","7","13476","results/phase1_5_shadow/full/qwen2.5-coder-7b/shadow_test/traces.jsonl","1","0","0.0","0.0","0.8888888888888888","0.0","1.0","reason","0","0","0","0.5408589541912079","1.0","0.0","1.0","1.0","0.0","1.0","","0"
"arfa-qwen2.5-coder:7b-8k","shadow_test","intercode-nl2bash-fs3-038","False","7","13476","results/phase1_5_shadow/full/qwen2.5-coder-7b/shadow_test/traces.jsonl","2","1","0.5416666666666667","0.75","1.0","0.0","0.0","reason","1","0","0","0.5636525452136993","0.0","0.5416666666666667","0.5636525452136993","0.5416666666666667","0.75","0.5416666666666667","1","0"
"arfa-qwen2.5-coder:7b-8k","shadow_test","intercode-nl2bash-fs3-038","False","7","13476","results/phase1_5_shadow/full/qwen2.5-coder-7b/shadow_test/traces.jsonl","3","0","0.0","0.0","0.8888888888888888","0.0","1.0","reason","0","0","0","0.5651383399963379","1.0","0.0","1.0","1.0","0.0","1.0","","0"
"arfa-qwen2.5-coder:7b-8k","shadow_test","intercode-nl2bash-fs3-038","False","7","13476","results/phase1_5_shadow/full/qwen2.5-coder-7b/shadow_test/traces.jsonl","4","1","0.5416666666666667","0.75","1.0","0.0","0.0","reason","1","0","0","0.5636525452136993","0.0","0.5416666666666667","0.5636525452136993","0.5416666666666667","0.75","0.5416666666666667","1","0"
"arfa-qwen2.5-coder:7b-8k","shadow_test","intercode-nl2bash-fs3-038","False","7","13476","results/phase1_5_shadow/full/qwen2.5-coder-7b/shadow_test/traces.jsonl","5","0","0.0","0.0","0.8888888888888888","0.0","1.0","reason","0","0","0","0.5651383399963379","1.0","0.0","1.0","1.0","0.0","1.0","","0"
"arfa-qwen2.5-coder:7b-8k","shadow_test","intercode-nl2bash-fs3-038","False","7","13476","results/phase1_5_shadow/full/qwen2.5-coder-7b/shadow_test/traces.jsonl","6","1","0.5416666666666667","0.75","1.0","0.0","0.0","reason","1","0","0","0.5636525452136993","0.0","0.5416666666666667","0.5636525452136993","0.5416666666666667","0.75","0.5416666666666667","1","0"
"arfa-qwen2.5-coder:7b-8k","shadow_test","intercode-nl2bash-fs3-039","False","3","3552","results/phase1_5_shadow/full/qwen2.5-coder-7b/shadow_test/traces.jsonl","1","0","0.36363636363636365","0.2","0.7777777777777777","0.0","0.0","reason","1","0","0","0.5962189137935638","0.0","0.36363636363636365","0.5962189137935638","0.36363636363636365","0.2","0.36363636363636365","",""
"arfa-qwen2.5-coder:7b-8k","shadow_test","intercode-nl2bash-fs3-039","False","3","3552","results/phase1_5_shadow/full/qwen2.5-coder-7b/shadow_test/traces.jsonl","2","0","0.0","0.0","0.7777777777777777","0.0","0.0","fast_candidate","0","0","0","0.8525516092777252","0.0","0.0","0.8525516092777252","0.0","0.0","0.0","",""
"arfa-qwen2.5-coder:7b-8k","shadow_test","intercode-nl2bash-fs3-053","False","3","3194","results/phase1_5_shadow/full/qwen2.5-coder-7b/shadow_test/traces.jsonl","1","0","0.0","0.0","0.65","0.0","0.0","reason","","0","0","0.3882741928100586","1.0","0.0","1.0","1.0","0.0","1.0","0",""
"arfa-qwen2.5-coder:7b-8k","shadow_test","intercode-nl2bash-fs3-053","False","3","3194","results/phase1_5_shadow/full/qwen2.5-coder-7b/shadow_test/traces.jsonl","2","0","0.0","0.0","0.7777777777777777","0.0","0.0","fast_candidate","","0","0","0.9220418483018875","0.0","0.0","0.9220418483018875","0.0","0.0","0.0","0",""
"arfa-qwen2.5-coder:7b-8k","shadow_test","intercode-nl2bash-fs3-054","False","2","2099","results/phase1_5_shadow/full/qwen2.5-coder-7b/shadow_test/traces.jsonl","1","0","0.0","0.0","0.8888888888888888","0.0","0.0","fast_candidate","0","0","0","0.5567436218261719","0.0","0.0","0.5567436218261719","0.0","0.0","0.0","","0"
"arfa-qwen2.5-coder:7b-8k","shadow_test","intercode-nl2bash-fs4-002","False","4","5330","results/phase1_5_shadow/full/qwen2.5-coder-7b/shadow_test/traces.jsonl","1","2","0.8750000000000001","1.0","1.0","0.0","0.0","reason","1","0","1","0.576755702495575","0.0","0.8750000000000001","0.576755702495575","0.8750000000000001","1.0","0.8750000000000001","1","1"
"arfa-qwen2.5-coder:7b-8k","shadow_test","intercode-nl2bash-fs4-002","False","4","5330","results/phase1_5_shadow/full/qwen2.5-coder-7b/shadow_test/traces.jsonl","2","2","0.7083333333333335","0.55","1.0","0.0","0.0","reason","0","0","1","0.7832815051078796","0.0","0.7083333333333335","0.7832815051078796","0.7083333333333335","0.55","0.7083333333333335","1","1"
"arfa-qwen2.5-coder:7b-8k","shadow_test","intercode-nl2bash-fs4-002","False","4","5330","results/phase1_5_shadow/full/qwen2.5-coder-7b/shadow_test/traces.jsonl","3","2","0.7083333333333335","0.55","1.0","0.0","0.0","reason","0","0","1","0.8081223666667938","0.0","0.7083333333333335","0.8081223666667938","0.7083333333333335","0.55","0.7083333333333335","1","1"
"arfa-qwen2.5-coder:7b-8k","shadow_test","intercode-nl2bash-fs4-011","False","3","3262","results/phase1_5_shadow/full/qwen2.5-coder-7b/shadow_test/traces.jsonl","1","0","0.5333333333333333","0.0","0.8888888888888888","0.0","0.0","reason","0","0","1","0.9854619540274143","0.0","0.5333333333333333","0.9854619540274143","0.5333333333333333","0.0","0.5333333333333333","","1"
"arfa-qwen2.5-coder:7b-8k","shadow_test","intercode-nl2bash-fs4-011","False","3","3262","results/phase1_5_shadow/full/qwen2.5-coder-7b/shadow_test/traces.jsonl","2","0","0.5333333333333333","0.0","0.8888888888888888","0.0","0.0","reason","0","0","1","0.9972123261541128","0.0","0.5333333333333333","0.9972123261541128","0.5333333333333333","0.0","0.5333333333333333","","1"
"arfa-qwen2.5-coder:7b-8k","shadow_test","intercode-nl2bash-fs4-017","False","2","1816","results/phase1_5_shadow/full/qwen2.5-coder-7b/shadow_test/traces.jsonl","1","0","0.0","0.0","0.8888888888888888","0.0","0.0","fast_candidate","0","0","0","0.5970736443996429","0.0","0.0","0.5970736443996429","0.0","0.0","0.0","","0"
"arfa-qwen2.5-coder:7b-8k","shadow_test","intercode-nl2bash-fs4-021","False","4","5848","results/phase1_5_shadow/full/qwen2.5-coder-7b/shadow_test/traces.jsonl","1","0","0.0","0.0","0.7777777777777777","0.0","0.0","fast_candidate","","0","0","0.7570047974586487","0.0","0.0","0.7570047974586487","0.0","0.0","0.0","0",""
"arfa-qwen2.5-coder:7b-8k","shadow_test","intercode-nl2bash-fs4-021","False","4","5848","results/phase1_5_shadow/full/qwen2.5-coder-7b/shadow_test/traces.jsonl","2","1","0.8125","0.75","0.7777777777777777","0.0","0.0","reason","","0","1","0.8544023633003235","0.0","0.8125","0.8544023633003235","0.8125","0.75","0.8125","1",""
"arfa-qwen2.5-coder:7b-8k","shadow_test","intercode-nl2bash-fs4-021","False","4","5848","results/phase1_5_shadow/full/qwen2.5-coder-7b/shadow_test/traces.jsonl","3","1","0.8125","0.75","0.7777777777777777","0.0","0.0","reason","","0","1","0.8544023633003235","0.0","0.8125","0.8544023633003235","0.8125","0.75","0.8125","1",""
"arfa-qwen2.5-coder:7b-8k","shadow_test","intercode-nl2bash-fs4-026","True","3","3122","results/phase1_5_shadow/full/qwen2.5-coder-7b/shadow_test/traces.jsonl","2","0","0.0","0.0","0.7388888888888889","0.0","0.0","fast_candidate","","0","0","0.7881363928318024","0.0","0.0","0.7881363928318024","0.0","0.0","0.0","0",""
"arfa-qwen2.5-coder:7b-8k","shadow_validation","intercode-nl2bash-fs1-033","True","2","1884","results/phase1_5_shadow/full/qwen2.5-coder-7b/shadow_validation/traces.jsonl","1","0","0.0","0.0","0.8888888888888888","0.0","0.0","fast_candidate","0","0","0","0.8105669468641281","0.0","0.0","0.8105669468641281","0.0","0.0","0.0","0",""
"arfa-qwen2.5-coder:7b-8k","shadow_validation","intercode-nl2bash-fs1-048","False","2","2017","results/phase1_5_shadow/full/qwen2.5-coder-7b/shadow_validation/traces.jsonl","1","0","0.0","0.0","1.0","0.0","0.0","fast_candidate","0","0","0","0.4463135004043579","0.0","0.0","0.4463135004043579","0.0","0.0","0.0","0","0"
"arfa-qwen2.5-coder:7b-8k","shadow_validation","intercode-nl2bash-fs1-050","False","2","2048","results/phase1_5_shadow/full/qwen2.5-coder-7b/shadow_validation/traces.jsonl","1","0","0.0","0.0","0.8888888888888888","0.0","0.0","fast_candidate","0","0","0","0.8031517565250397","0.0","0.0","0.8031517565250397","0.0","0.0","0.0","","0"
"arfa-qwen2.5-coder:7b-8k","shadow_validation","intercode-nl2bash-fs1-055","False","3","3596","results/phase1_5_shadow/full/qwen2.5-coder-7b/shadow_validation/traces.jsonl","1","0","0.0","0.0","0.8888888888888888","0.0","0.0","fast_candidate","0","0","0","0.6756393313407898","0.0","0.0","0.6756393313407898","0.0","0.0","0.0","","0"
"arfa-qwen2.5-coder:7b-8k","shadow_validation","intercode-nl2bash-fs1-055","False","3","3596","results/phase1_5_shadow/full/qwen2.5-coder-7b/shadow_validation/traces.jsonl","2","0","0.0","0.0","0.8888888888888888","0.0","0.0","fast_candidate","0","0","0","0.7220611572265625","0.0","0.0","0.7220611572265625","0.0","0.0","0.0","","0"
"arfa-qwen2.5-coder:7b-8k","shadow_validation","intercode-nl2bash-fs2-000","False","5","8539","results/phase1_5_shadow/full/qwen2.5-coder-7b/shadow_validation/traces.jsonl","1","0","0.0","0.0","0.8888888888888888","0.0","1.0","reason","0","0","0","0.4880305528640747","1.0","0.0","1.0","1.0","0.0","1.0","","0"
"arfa-qwen2.5-coder:7b-8k","shadow_validation","intercode-nl2bash-fs2-000","False","5","8539","results/phase1_5_shadow/full/qwen2.5-coder-7b/shadow_validation/traces.jsonl","2","0","0.0","0.0","0.8888888888888888","1.0","1.0","reason","0","0","0","0.5570608377456665","1.0","0.0","1.0","1.0","1.0","1.0","","0"
"arfa-qwen2.5-coder:7b-8k","shadow_validation","intercode-nl2bash-fs2-000","False","5","8539","results/phase1_5_shadow/full/qwen2.5-coder-7b/shadow_validation/traces.jsonl","3","0","0.0","0.0","0.8888888888888888","0.0","1.0","reason","0","0","0","0.6438997387886047","1.0","0.0","1.0","1.0","0.0","1.0","","0"
"arfa-qwen2.5-coder:7b-8k","shadow_validation","intercode-nl2bash-fs2-000","False","5","8539","results/phase1_5_shadow/full/qwen2.5-coder-7b/shadow_validation/traces.jsonl","4","0","0.0","0.0","0.8888888888888888","0.0","1.0","reason","0","0","0","0.6438997387886047","1.0","0.0","1.0","1.0","0.0","1.0","","0"
"arfa-qwen2.5-coder:7b-8k","shadow_validation","intercode-nl2bash-fs2-029","False","4","5410","results/phase1_5_shadow/full/qwen2.5-coder-7b/shadow_validation/traces.jsonl","1","1","0.5416666666666667","1.0","1.0","0.0","0.0","reason","1","0","0","0.25034141540527344","0.0","0.5416666666666667","0.25034141540527344","0.5416666666666667","1.0","0.5416666666666667","1","0"
"arfa-qwen2.5-coder:7b-8k","shadow_validation","intercode-nl2bash-fs2-029","False","4","5410","results/phase1_5_shadow/full/qwen2.5-coder-7b/shadow_validation/traces.jsonl","2","0","0.0","0.0","1.0","0.0","0.0","fast_candidate","0","0","0","0.544992059469223","0.0","0.0","0.544992059469223","0.0","0.0","0.0","0","0"
"arfa-qwen2.5-coder:7b-8k","shadow_validation","intercode-nl2bash-fs2-029","False","4","5410","results/phase1_5_shadow/full/qwen2.5-coder-7b/shadow_validation/traces.jsonl","3","0","0.0","0.0","1.0","0.0","0.0","fast_candidate","0","0","0","0.8934941440820694","0.0","0.0","0.8934941440820694","0.0","0.0","0.0","0","0"
"arfa-qwen2.5-coder:7b-8k","shadow_validation","intercode-nl2bash-fs2-034","False","3","3575","results/phase1_5_shadow/full/qwen2.5-coder-7b/shadow_validation/traces.jsonl","1","0","0.0","0.0","0.8888888888888888","0.0","0.0","fast_candidate","0","0","0","0.6828168034553528","0.0","0.0","0.6828168034553528","0.0","0.0","0.0","","0"
"arfa-qwen2.5-coder:7b-8k","shadow_validation","intercode-nl2bash-fs2-034","False","3","3575","results/phase1_5_shadow/full/qwen2.5-coder-7b/shadow_validation/traces.jsonl","2","0","0.0","0.0","1.0","0.0","0.0","fast_candidate","0","0","0","0.9259554594755173","0.0","0.0","0.9259554594755173","0.0","0.0","0.0","0","0"
"arfa-qwen2.5-coder:7b-8k","shadow_validation","intercode-nl2bash-fs2-038","True","2","2226","results/phase1_5_shadow/full/qwen2.5-coder-7b/shadow_validation/traces.jsonl","1","0","0.0","0.0","0.8888888888888888","0.0","0.0","fast_candidate","0","0","0","0.6347734332084656","0.0","0.0","0.6347734332084656","0.0","0.0","0.0","","0"
"arfa-qwen2.5-coder:7b-8k","shadow_validation","intercode-nl2bash-fs2-043","False","2","2158","results/phase1_5_shadow/full/qwen2.5-coder-7b/shadow_validation/traces.jsonl","1","0","0.0","0.0","0.8722222222222222","0.0","0.0","fast_candidate","0","0","0","0.6758444905281067","0.0","0.0","0.6758444905281067","0.0","0.0","0.0","","0"
"arfa-qwen2.5-coder:7b-8k","shadow_validation","intercode-nl2bash-fs2-051","False","3","4953","results/phase1_5_shadow/full/qwen2.5-coder-7b/shadow_validation/traces.jsonl","1","0","0.0","0.0","0.8388888888888889","0.0","0.0","fast_candidate","0","0","0","0.6604632437229156","0.0","0.0","0.6604632437229156","0.0","0.0","0.0","","0"
"arfa-qwen2.5-coder:7b-8k","shadow_validation","intercode-nl2bash-fs2-051","False","3","4953","results/phase1_5_shadow/full/qwen2.5-coder-7b/shadow_validation/traces.jsonl","2","0","0.0","0.0","0.7833333333333333","0.0","0.0","fast_candidate","0","0","0","0.9667790420353413","0.0","0.0","0.9667790420353413","0.0","0.0","0.0","","0"
"arfa-qwen2.5-coder:7b-8k","shadow_validation","intercode-nl2bash-fs3-000","False","3","3270","results/phase1_5_shadow/full/qwen2.5-coder-7b/shadow_validation/traces.jsonl","1","0","0.0","0.0","0.8888888888888888","0.0","1.0","reason","0","0","0","0.5425233840942383","1.0","0.0","1.0","1.0","0.0","1.0","","0"
"arfa-qwen2.5-coder:7b-8k","shadow_validation","intercode-nl2bash-fs3-000","False","3","3270","results/phase1_5_shadow/full/qwen2.5-coder-7b/shadow_validation/traces.jsonl","2","0","0.5333333333333333","0.0","0.8888888888888888","0.0","1.0","reason","0","0","1","1.0008464604616165","1.0","0.5333333333333333","1.0008464604616165","1.0","0.0","1.0","","1"
"arfa-qwen2.5-coder:7b-8k","shadow_validation","intercode-nl2bash-fs3-010","False","2","1860","results/phase1_5_shadow/full/qwen2.5-coder-7b/shadow_validation/traces.jsonl","1","0","0.0","0.0","0.9444444444444445","0.0","0.0","fast_candidate","0","0","0","0.4840567111968994","0.0","0.0","0.4840567111968994","0.0","0.0","0.0","0","0"
"arfa-qwen2.5-coder:7b-8k","shadow_validation","intercode-nl2bash-fs3-014","False","2","1866","results/phase1_5_shadow/full/qwen2.5-coder-7b/shadow_validation/traces.jsonl","1","0","0.0","0.0","0.8888888888888888","0.0","0.0","fast_candidate","0","0","0","0.5779698491096497","0.0","0.0","0.5779698491096497","0.0","0.0","0.0","","0"
"arfa-qwen2.5-coder:7b-8k","shadow_validation","intercode-nl2bash-fs3-040","True","2","1964","results/phase1_5_shadow/full/qwen2.5-coder-7b/shadow_validation/traces.jsonl","1","0","0.0","0.0","0.7777777777777777","0.0","0.0","fast_candidate","0","0","0","0.7205060124397278","0.0","0.0","0.7205060124397278","0.0","0.0","0.0","",""
"arfa-qwen2.5-coder:7b-8k","shadow_validation","intercode-nl2bash-fs3-050","False","2","1880","results/phase1_5_shadow/full/qwen2.5-coder-7b/shadow_validation/traces.jsonl","1","0","0.33333333333333337","0.0","1.0","0.0","0.0","fast_candidate","0","0","1","0.9057599008083344","0.0","0.33333333333333337","0.9057599008083344","0.33333333333333337","0.0","0.33333333333333337","0","1"
"arfa-qwen2.5-coder:7b-8k","shadow_validation","intercode-nl2bash-fs3-056","False","2","1958","results/phase1_5_shadow/full/qwen2.5-coder-7b/shadow_validation/traces.jsonl","1","0","0.16666666666666669","0.0","1.0","0.0","0.0","fast_candidate","0","0","1","0.9102651476860046","0.0","0.16666666666666669","0.9102651476860046","0.16666666666666669","0.0","0.16666666666666669","0","0"
"arfa-qwen2.5-coder:7b-8k","shadow_validation","intercode-nl2bash-fs3-057","False","5","6817","results/phase1_5_shadow/full/qwen2.5-coder-7b/shadow_validation/traces.jsonl","1","0","0.0","0.0","0.85","0.0","1.0","reason","0","0","0","0.6240746378898621","1.0","0.0","1.0","1.0","0.0","1.0","","0"
"arfa-qwen2.5-coder:7b-8k","shadow_validation","intercode-nl2bash-fs3-057","False","5","6817","results/phase1_5_shadow/full/qwen2.5-coder-7b/shadow_validation/traces.jsonl","2","0","0.16666666666666669","0.0","0.9722222222222222","0.0","1.0","reason","0","0","0","0.8893940597772598","1.0","0.16666666666666669","1.0","1.0","0.0","1.0","0","1"
"arfa-qwen2.5-coder:7b-8k","shadow_validation","intercode-nl2bash-fs3-057","False","5","6817","results/phase1_5_shadow/full/qwen2.5-coder-7b/shadow_validation/traces.jsonl","3","1","0.7083333333333335","0.75","1.0","0.0","1.0","reason","1","0","0","0.8249079585075378","1.0","0.7083333333333335","1.0","1.0","0.75","1.0","1","1"
"arfa-qwen2.5-coder:7b-8k","shadow_validation","intercode-nl2bash-fs3-057","False","5","6817","results/phase1_5_shadow/full/qwen2.5-coder-7b/shadow_validation/traces.jsonl","4","0","0.16666666666666669","0.0","1.0","0.0","1.0","reason","0","0","0","0.900454044342041","1.0","0.16666666666666669","1.0","1.0","0.0","1.0","0","1"
"arfa-qwen2.5-coder:7b-8k","shadow_validation","intercode-nl2bash-fs3-059","False","3","3359","results/phase1_5_shadow/full/qwen2.5-coder-7b/shadow_validation/traces.jsonl","1","0","0.0","0.0","1.0","0.0","0.0","fast_candidate","0","0","0","0.6700661778450012","0.0","0.0","0.6700661778450012","0.0","0.0","0.0","0","0"
"arfa-qwen2.5-coder:7b-8k","shadow_validation","intercode-nl2bash-fs3-059","False","3","3359","results/phase1_5_shadow/full/qwen2.5-coder-7b/shadow_validation/traces.jsonl","2","0","0.16666666666666669","0.0","1.0","0.0","0.0","fast_candidate","0","0","0","0.31008148193359375","0.0","0.16666666666666669","0.31008148193359375","0.16666666666666669","0.0","0.16666666666666669","0","1"
"arfa-qwen2.5-coder:7b-8k","shadow_validation","intercode-nl2bash-fs4-013","False","3","3329","results/phase1_5_shadow/full/qwen2.5-coder-7b/shadow_validation/traces.jsonl","1","1","0.8125","0.75","0.7388888888888889","0.0","0.0","reason","","0","1","0.5291651487350464","0.0","0.8125","0.5291651487350464","0.8125","0.75","0.8125","1",""
"arfa-qwen2.5-coder:7b-8k","shadow_validation","intercode-nl2bash-fs4-013","False","3","3329","results/phase1_5_shadow/full/qwen2.5-coder-7b/shadow_validation/traces.jsonl","2","1","0.8125","0.75","0.7388888888888889","0.0","0.0","reason","","0","1","0.5291651487350464","0.0","0.8125","0.5291651487350464","0.8125","0.75","0.8125","1",""
"arfa-qwen2.5-coder:7b-8k","shadow_validation","intercode-nl2bash-fs4-022","False","2","1762","results/phase1_5_shadow/full/qwen2.5-coder-7b/shadow_validation/traces.jsonl","1","0","0.36363636363636365","0.45","0.7777777777777777","0.0","0.0","reason","1","0","0","0.8539408296346664","0.0","0.36363636363636365","0.8539408296346664","0.36363636363636365","0.45","0.36363636363636365","",""
